Date,Close,High,Low,Open,Volume
2019-12-11,24.66841888,24.66841888,24.66841888,24.66841888,38289394.0
2019-12-12,25.78971863,27.12125277,25.22907208,27.12125277,505692621.0
2019-12-15,26.21019936,26.28028077,25.7897157,25.99995834,98349281.0
2019-12-16,26.63068771,26.70076752,26.28028382,26.28028382,105973907.0
2019-12-17,26.4554863,26.73580877,26.28028435,26.66572734,142672245.0
2019-12-18,25.71963692,26.35036488,25.71963692,26.28028346,83822621.0
2019-12-19,24.87866592,25.75467557,24.87866592,25.71963486,108120197.0
2019-12-22,24.73850632,25.01882878,24.45818386,24.94874897,39709972.0
2019-12-23,24.94875336,24.98379246,24.70346995,24.73851067,35098090.0
2019-12-24,24.80858803,25.01882907,24.7385066,24.98378835,22184338.0
2019-12-25,24.66841888,24.8085817,24.5983391,24.8085817,13572736.0
2019-12-26,24.77354813,24.77354813,24.56330546,24.63338527,13863242.0
2019-12-29,24.80858803,25.01882907,24.7385066,24.7385066,22966690.0
2019-12-30,24.6333828,24.84362544,24.6333828,24.80858635,13147121.0
2019-12-31,24.70346451,24.70346451,24.56330328,24.63338309,16332772.0
2020-01-01,24.59834862,24.70346915,24.5633079,24.70346915,8517342.0
2020-01-02,24.6333828,24.70346422,24.563303,24.5983437,11430744.0
2020-01-05,24.21289825,24.5282614,24.17785755,24.5282614,25239125.0
2020-01-06,24.17786026,24.21290097,23.86249708,24.17786026,23401835.0
2020-01-07,24.07273865,24.21289987,23.93257742,24.14281845,13923075.0
2020-01-08,23.96761322,23.96761322,23.82745201,23.82745201,22150479.0
2020-01-09,24.528265,24.56330571,24.03769986,24.07274057,31310879.0
2020-01-12,24.38810349,24.63338524,24.21290154,24.52826472,24584632.0
2020-01-13,24.35306358,24.52826554,24.31802287,24.3881043,16978173.0
2020-01-14,24.4231472,24.4231472,24.10778398,24.35306577,12477898.0
2020-01-15,24.31801796,24.38809937,24.24793816,24.38809937,12987230.0
2020-01-16,24.24794388,24.31802369,24.17786245,24.31802369,11523975.0
2020-01-19,24.07273865,24.24794058,24.00265723,24.24794058,13254735.0
2020-01-20,24.24794388,24.24794388,23.96761977,24.0377012,8756076.0
2020-01-21,24.21289825,24.24793896,24.07273704,24.17785755,8517485.0
2020-01-22,24.14281845,24.17785916,24.07273865,24.14281845,6215751.0
2020-01-23,24.14281845,24.14281845,24.00265723,24.10777936,7192433.0
2020-01-26,24.03770256,24.07274328,23.86250059,23.96762113,9257143.0
2020-01-27,24.00265884,24.00265884,23.86249761,24.00265884,8758776.0
2020-01-28,24.00265884,24.00265884,23.86249761,23.96761813,8813615.0
2020-01-29,24.10778046,24.10778046,23.86249709,23.8975378,10761242.0
2020-01-30,23.93257713,24.10777907,23.93257713,24.10777907,6889782.0
2020-02-02,23.79241943,23.89753996,23.722338,23.89753996,13991469.0
2020-02-03,23.79241943,23.82745853,23.68729729,23.722338,10062499.0
2020-02-04,23.72233391,23.82745442,23.65225249,23.757373,9112708.0
2020-02-05,23.5821743,23.79241696,23.54713359,23.68729482,11068032.0
2020-02-06,23.40697289,23.65225464,23.33689146,23.58217483,11614195.0
2020-02-09,23.86249733,23.86249733,22.9864876,23.3719322,21426588.0
2020-02-10,23.54713249,23.79241585,23.51209178,23.79241585,7540306.0
2020-02-11,23.44201469,23.58217593,23.37193327,23.51209451,5120739.0
2020-02-12,23.26681519,23.44201716,23.23177447,23.40697644,7201967.0
2020-02-13,23.19673157,23.33689281,22.84632765,23.266813,18688399.0
2020-02-16,23.19673157,23.19673157,23.19673157,23.19673157,0.0
2020-02-17,23.19673157,23.266813,22.95144818,22.9864889,9483416.0
2020-02-18,23.26681519,23.336895,23.05657249,23.16169303,6499644.0
2020-02-19,23.40697289,23.40697289,23.23177094,23.26681165,5894103.0
2020-02-20,23.5821743,23.6172134,23.33689094,23.40697236,8693188.0
2020-02-23,23.86249733,23.93257876,23.47705272,23.68729538,13747169.0
2020-02-24,23.40697289,23.79241749,23.30185075,23.79241749,10156974.0
2020-02-25,23.47705078,23.5471322,23.16168763,23.26680976,10346653.0
2020-02-26,23.44201469,23.47705379,23.19673131,23.33689255,7981719.0
2020-02-27,23.37193298,23.37193298,23.19673103,23.30185156,21789663.0
2020-03-01,22.88136673,23.05656867,22.67112407,23.05656867,15937816.0
2020-03-02,22.98648453,23.23176787,22.95144382,22.95144382,14572666.0
2020-03-03,23.16168594,23.23176736,23.09160453,23.16168594,9742098.0
2020-03-04,23.16168594,23.19672665,22.95144332,23.05656544,10128925.0
2020-03-05,23.12664986,23.26681271,23.09160914,23.16169057,4802784.0
2020-03-08,21.02422333,22.35575723,20.95414191,22.35575723,28421368.0
2020-03-09,19.8678894,20.07813039,18.92179851,18.92179851,41132955.0
2020-03-10,21.83015633,21.83015633,20.46358141,20.46358141,31647450.0
2020-03-11,20.8139801,22.07543256,20.39349487,22.07543256,27448991.0
2020-03-12,20.32341766,20.74390133,19.62260993,20.32341766,25603130.0
2020-03-15,20.11317253,20.84902088,20.00805203,20.28837444,19211347.0
2020-03-16,19.48244858,19.83285244,19.37732645,19.69269122,15051263.0
2020-03-17,20.39349937,20.84902541,19.48245054,19.48245054,20313512.0
2020-03-18,20.32341766,20.98918468,20.28837695,20.39349747,16004656.0
2020-03-19,20.62117767,20.79682497,20.0591008,20.26987983,19234391.0
2020-03-22,20.30500984,20.69143782,20.19962113,20.41040018,8682535.0
2020-03-23,20.09422874,20.30500777,20.02397015,20.30500777,6432514.0
2020-03-24,20.72656631,20.97247383,20.48065718,20.48065718,12125193.0
2020-03-25,20.79682922,21.25351749,20.51579154,21.07786853,23931994.0
2020-03-26,21.0076046,21.07786482,20.83195567,20.83195567,6766584.0
2020-03-29,21.0076046,21.11299331,20.58604815,20.937346,8134082.0
2020-03-30,21.04273415,21.11299274,20.93734544,21.04273415,5762749.0
2020-03-31,21.18325043,21.25351064,21.00760153,21.00760153,8024432.0
2020-04-01,21.49942017,21.60481049,21.00760352,21.14812395,11589101.0
2020-04-02,22.23714828,22.23714828,21.74533159,21.74533159,17442775.0
2020-04-05,22.13175774,22.86948359,22.13175774,22.51818572,29136819.0
2020-04-06,22.44792747,22.48305597,22.13175809,22.30740865,7230047.0
2020-04-07,22.48305321,22.48305321,22.2722758,22.44792472,7361770.0
2020-04-08,22.48305321,22.48305321,22.30740591,22.48305321,6699503.0
2020-04-09,22.51818466,22.58844488,22.41279595,22.48305455,9647112.0
2020-04-12,22.23714828,22.48305582,22.06149935,22.48305582,8958566.0
2020-04-13,21.85071945,22.34253613,21.81559096,22.27227753,8978691.0
2020-04-14,21.85071945,22.0966286,21.71020063,21.92097967,7166278.0
2020-04-15,21.56967926,21.81558838,21.46428894,21.81558838,5359154.0
2020-04-16,21.07786179,21.53454828,21.00760158,21.53454828,9234436.0
2020-04-19,21.18325043,21.28864074,21.07786173,21.11299022,5658347.0
2020-04-20,21.07786179,21.11299027,20.90221288,21.11299027,4886326.0
2020-04-21,20.65630722,20.90221637,20.34013947,20.72656744,7244393.0
2020-04-22,20.86708641,21.00760523,20.37526972,20.37526972,7185288.0
2020-04-23,21.07786179,21.21838058,20.97247147,21.07786179,5664648.0
2020-04-26,21.71020317,21.81559351,21.14812783,21.28864666,6697454.0
2020-04-27,21.63993835,21.85071737,21.46428944,21.71019857,5704086.0
2020-04-28,21.56967926,21.67506796,21.46428894,21.53454915,3756876.0
2020-04-29,21.7453289,21.78045901,21.6048101,21.6048101,4098787.0
2020-04-30,22.23714828,22.30740851,21.81559181,21.81559181,10318469.0
2020-05-03,21.07786179,21.21838058,20.83195267,21.07786179,10301328.0
2020-05-04,21.42916107,21.7804589,20.83195411,20.97247292,10440601.0
2020-05-05,21.99123383,22.16688434,21.78045645,21.81558655,13064143.0
2020-05-06,21.95611,22.44792669,21.92097989,22.30740786,8286741.0
2020-05-07,21.78046227,21.92098109,21.5345531,21.81559238,7601435.0
2020-05-10,21.885849,22.06149792,21.85071889,21.95610922,3408792.0
2020-05-11,21.71020317,21.88585212,21.18325632,21.63994294,5724594.0
2020-05-12,21.99123383,22.13175262,21.71019624,21.78045645,6202220.0
2020-05-13,22.026371,22.16689146,21.99124089,22.06150112,5108868.0
2020-05-14,22.06149864,22.06149864,21.88584971,22.02636853,5002475.0
2020-05-17,22.44792747,22.48305597,22.27227854,22.34253714,10217636.0
2020-05-18,22.72896385,22.83435418,22.4830547,22.4830547,14302220.0
2020-05-19,23.43156052,23.81798688,22.79922338,22.83435511,28810841.0
2020-05-20,23.18565559,23.64234388,23.01000663,23.50182503,12168289.0
2020-05-21,23.18565559,23.50182503,23.15052548,23.46669491,19086462.0
2020-05-31,23.43548775,23.82607967,23.36447208,23.82607967,10370850.0
2020-06-01,23.36447334,23.47099767,23.32896469,23.39998036,8007592.0
2020-06-02,23.1869297,23.39997835,23.08040538,23.36447133,7188626.0
2020-06-03,23.2579422,23.36446815,23.08040223,23.29345085,7497426.0
2020-06-04,22.86735725,23.22244055,22.8318486,23.18693189,8375045.0
2020-06-07,23.00938988,23.18693152,22.97388122,23.04489689,4273229.0
2020-06-08,22.90286255,23.00938851,22.83184688,22.9383712,8484823.0
2020-06-09,22.93836975,22.93836975,22.79633678,22.79633678,5510463.0
2020-06-10,22.93836975,22.93836975,22.83184543,22.9028611,3905258.0
2020-06-11,22.97388458,22.97388458,22.76083425,22.86736024,4608683.0
2020-06-14,22.90286255,22.9383712,22.83184688,22.90286255,3798502.0
2020-06-15,22.90286255,22.9383712,22.83184688,22.86735553,4697861.0
2020-06-16,23.11591339,23.36447234,22.93837175,22.93837175,9408425.0
2020-06-17,23.1869297,23.22243836,23.08040538,23.15142105,6370152.0
2020-06-18,23.50650597,23.50650597,23.15142268,23.15142268,31011717.0
2020-06-21,23.36447334,23.57752365,23.36447334,23.57752365,5584567.0
2020-06-22,23.29345322,23.39997754,23.1869289,23.36447052,6643440.0
2020-06-23,23.36447334,23.39998036,23.15142304,23.29345603,4798205.0
2020-06-24,23.29345322,23.36447052,23.25794456,23.32896187,4166927.0
2020-06-25,23.22243881,23.25794583,23.1514215,23.18693016,5033468.0
2020-06-28,23.1514225,23.22243981,23.11591384,23.1514225,2740231.0
2020-06-29,23.1869297,23.22243836,23.1159124,23.15142105,3881170.0
2020-06-30,23.08040619,23.22243917,23.08040619,23.18693052,4651056.0
2020-07-01,23.22243881,23.22243881,23.00938852,23.04489554,2985566.0
2020-07-02,23.36447334,23.36447334,23.1869317,23.1869317,5889084.0
2020-07-05,23.29345322,23.36447052,23.25794456,23.32896187,4805340.0
2020-07-06,23.39997864,23.5065046,23.22243864,23.25794566,11523539.0
2020-07-07,23.57752228,23.75506391,23.36447199,23.399979,13568684.0
2020-07-08,23.61302757,23.68404488,23.50650325,23.57752056,6823309.0
2020-07-09,23.64853859,23.68404725,23.54201426,23.61302993,6086790.0
2020-07-12,23.75506401,23.86158834,23.61302939,23.64853805,6978547.0
2020-07-13,23.64853859,23.79057157,23.57752292,23.75506456,4526031.0
2020-07-14,23.68404961,23.68404961,23.47099929,23.68404961,4215021.0
2020-07-15,23.75506401,23.75506401,23.61302939,23.61302939,4748896.0
2020-07-16,23.71955681,23.75506547,23.64853949,23.71955681,3752863.0
2020-07-19,23.54201698,23.68404998,23.54201698,23.64854132,2222052.0
2020-07-20,23.50650597,23.54201462,23.32896432,23.50650597,7883479.0
2020-07-21,23.43548775,23.50650506,23.39997909,23.43548775,4452658.0
2020-07-22,23.43548775,23.4709964,23.36447208,23.4709964,3015167.0
2020-07-23,23.43548775,23.43548775,23.36447208,23.36447208,3105370.0
2020-07-26,23.2579422,23.36446815,23.18692654,23.2579422,5981893.0
2020-07-27,23.39997864,23.39997864,23.22243864,23.22243864,3985188.0
2020-07-28,23.43548775,23.43548775,23.36447208,23.39997909,4247246.0
2020-08-05,23.47099686,23.57752282,23.4354882,23.4354882,9182850.0
2020-08-06,23.39997864,23.5065046,23.39997864,23.47099595,4547696.0
2020-08-09,23.47099686,23.54201417,23.36447253,23.39997955,6244352.0
2020-08-10,23.50650597,23.54201462,23.47099731,23.47099731,6842142.0
2020-08-11,23.64853859,23.64853859,23.47099695,23.50650561,8422623.0
2020-08-12,23.79338264,23.79338264,23.68571925,23.75749485,5804975.0
2020-08-13,23.79338264,23.79338264,23.79338264,23.79338264,0.0
2020-08-16,23.9369297,24.04459143,23.9369297,24.04459143,4578272.0
2020-08-17,24.04459,24.04459,23.8651527,23.93692828,12979051.0
2020-08-18,24.40346909,24.40346909,23.97282048,24.00870828,16235730.0
2020-08-19,24.51112556,24.58289948,24.25991271,24.4034622,12832369.0
2020-08-20,24.51112556,24.58289948,24.4034622,24.4034622,10463709.0
2020-08-23,24.4752388,24.51112659,24.40346322,24.51112659,6293489.0
2020-08-24,25.04944229,25.04944229,24.43935475,24.47524254,20307392.0
2020-08-25,25.08533096,25.12121876,24.97766922,25.04944482,12982221.0
2020-08-26,25.04944229,25.08532843,24.90589111,25.04944229,6710375.0
2020-08-27,25.12121582,25.12121582,25.01355409,25.04944189,9928629.0
2020-08-30,25.19299126,25.30065298,25.08532787,25.12121567,11392686.0
2020-08-31,25.51597977,25.51597977,25.15710512,25.19299291,90226629.0
2020-09-01,25.30065155,25.48008885,25.26476376,25.44420106,11784458.0
2020-09-02,25.83896255,25.87485035,25.01355165,25.26476287,19946230.0
2020-09-03,25.83896255,26.12606157,25.76718697,25.83896255,17411419.0
2020-09-06,25.73130608,25.87485561,25.55186874,25.73130608,8102335.0
2020-09-07,25.65952682,25.83896413,25.62363903,25.73130241,8002447.0
2020-09-08,25.8030777,25.83896549,25.65952817,25.65952817,11106956.0
2020-09-09,25.69541359,25.73130138,25.55186408,25.6595258,8855234.0
2020-09-10,25.62363815,25.69541374,25.55186423,25.65952594,7403936.0
2020-09-13,25.8030777,25.87485329,25.55186645,25.62364038,11715585.0
2020-09-14,25.87485313,25.98251486,25.73130361,25.83896534,14098110.0
2020-09-15,25.94663048,26.01840442,25.80307929,25.87485488,17674197.0
2020-09-16,26.0184021,26.09017769,25.87485258,25.98251431,16247771.0
2020-09-17,26.30550003,26.52082513,26.018401,26.0542888,74552211.0
2020-09-20,26.52082253,26.55671031,26.23372353,26.26960966,15540269.0
2020-09-21,26.52082253,26.66437202,26.44904695,26.52082253,16176954.0
2020-09-22,26.30550003,26.48493734,26.30550003,26.48493734,7456714.0
2020-09-24,26.3413887,26.3772765,26.16195139,26.26961312,7131498.0
2020-09-27,26.26960945,26.34138503,26.19783553,26.34138503,6810452.0
2020-09-28,26.23372841,26.30550234,26.12606502,26.26961455,11544722.0
2020-09-29,25.98251343,26.23372632,25.98251343,26.19783853,6821538.0
2020-09-30,25.76718521,25.94662415,25.6595235,25.91073471,6889927.0
2020-10-01,25.65952682,25.73130241,25.5518651,25.69541462,4355710.0
2020-10-04,25.19299126,25.4800903,25.19299126,25.4800903,4502020.0
2020-10-05,25.73130608,25.73130608,25.08533068,25.15710628,7615433.0
2020-10-06,25.73130608,25.94663121,25.73130608,25.73130608,7018438.0
2020-10-07,25.69541359,25.80307531,25.51597629,25.73130138,3525406.0
2020-10-08,25.83896255,25.83896255,25.65952526,25.69541305,3658318.0
2020-10-11,25.8030777,25.91073943,25.7671899,25.83896549,4595923.0
2020-10-12,25.8030777,25.83896549,25.69541597,25.8030777,3263680.0
2020-10-13,25.76718521,25.83896079,25.73129908,25.76718521,3302978.0
2020-10-14,25.69541359,25.80307531,25.69541359,25.76718752,3238505.0
2020-10-15,25.69541359,25.73130138,25.62363801,25.69541359,3778228.0
2020-10-18,25.73130608,25.76719222,25.62364268,25.62364268,2665164.0
2020-10-19,25.5877533,25.73130448,25.5877533,25.69541668,3060041.0
2020-10-20,25.48008919,25.55186477,25.30065188,25.48008919,4027470.0
2020-10-21,25.33654022,25.48008974,25.33654022,25.37242802,2869875.0
2020-10-22,25.33654022,25.33654022,25.19299071,25.33654022,3837228.0
2020-10-25,24.76234055,25.33654027,24.76234055,25.33654027,5313338.0
2020-10-26,24.4752388,25.12121238,24.40346322,24.7623378,7994206.0
2020-10-27,24.76234055,24.76234055,24.51112931,24.51112931,2794481.0
2020-10-28,24.54701805,24.76234318,24.43935632,24.76234318,3310080.0
2020-10-29,24.18814278,24.47524349,24.04459325,24.4034679,7838536.0
2020-11-01,24.11636543,24.25991494,24.04458985,24.15225322,2988286.0
2020-11-02,24.54701805,24.58290585,24.00870772,24.11636945,4496656.0
2020-11-03,24.69056511,24.97766413,24.58290174,24.58290174,5746015.0
2020-11-04,24.87000275,24.94177833,24.72645323,24.72645323,3215008.0
2020-11-05,24.83411598,24.87000212,24.69056647,24.87000212,3110272.0
2020-11-08,25.01355743,25.01355743,24.69057056,24.7264567,3446986.0
2020-11-09,25.48008919,25.48008919,25.04944065,25.04944065,8100476.0
2020-11-10,25.62638092,25.80761422,25.51763994,25.73512023,10880209.0
2020-11-11,25.73512268,25.73512268,25.55388936,25.62638336,5109026.0
2020-11-12,25.55389023,25.69887655,25.48139623,25.66263123,3220298.0
2020-11-15,25.59013557,25.66262957,25.48139458,25.51764158,4929100.0
2020-11-16,25.66262627,25.66262627,25.55388529,25.55388529,5024217.0
2020-11-17,25.73512268,25.73512268,25.62638336,25.66263036,5190057.0
2020-11-18,25.73512268,25.73512268,25.62638336,25.69887568,4405324.0
2020-11-19,25.66262627,25.77136557,25.62637927,25.66262627,3511315.0
2020-11-22,25.59013557,25.77136889,25.59013557,25.69887489,4165628.0
2020-11-23,25.73512268,25.73512268,25.55388936,25.59013636,5414975.0
2020-11-24,25.88010788,25.98884887,25.66262925,25.69887457,6892840.0
2020-11-25,25.88010788,26.09758819,25.88010788,25.91635488,8206568.0
2020-11-26,26.02509117,26.02509117,25.66262627,25.88010488,11382457.0
2020-11-29,25.91635513,26.02509445,25.88010814,25.91635513,3778039.0
2020-11-30,26.09758759,26.09758759,25.66262866,25.91635428,13008967.0
2020-12-01,26.06134033,26.09758733,25.84386003,25.84386003,4545033.0
2020-12-02,26.02509117,26.09758516,25.88010488,25.95259886,3610993.0
2020-12-03,25.98884964,25.98884964,25.91635564,25.98884964,2629749.0
2020-12-06,25.88010788,26.02509419,25.88010788,26.02509419,2302563.0
2020-12-07,25.84385872,25.88010571,25.69887242,25.84385872,4462207.0
2020-12-08,25.80761337,25.80761337,25.73511939,25.77136638,2494990.0
2020-12-09,25.84385872,25.88010571,25.73511941,25.8076134,2968987.0
2020-12-10,25.73512268,25.843862,25.73512268,25.80761668,3166686.0
2020-12-13,25.66262627,25.77136557,25.66262627,25.73511858,2837548.0
2020-12-14,25.66262627,25.66262627,25.59013228,25.62637927,3345614.0
2020-12-15,25.69887352,25.84385983,25.59013421,25.59013421,4311416.0
2020-12-16,25.80761337,25.80761337,25.66262707,25.73511939,2877601.0
2020-12-17,25.51764107,25.80761536,25.51764107,25.77136837,11489530.0
2020-12-20,25.51764107,25.69887438,25.51764107,25.66262905,3409015.0
2020-12-21,25.22766495,25.48139054,25.11892397,25.37265124,8168937.0
2020-12-22,25.37265778,25.37265778,25.11893045,25.11893045,3507998.0
2020-12-23,25.30015755,25.37264985,25.26391056,25.37264985,2738813.0
2020-12-24,25.37265778,25.5176441,25.30016545,25.30016545,3876887.0
2020-12-27,25.40890503,25.48139736,25.2639187,25.33641103,2790324.0
2020-12-28,25.44515038,25.44515038,25.33640938,25.40890338,2750469.0
2020-12-29,25.44515038,25.44515038,25.26391706,25.40890338,3862225.0
2020-12-30,25.40890503,25.44515203,25.3001657,25.40890503,3854416.0
2020-12-31,25.37265778,25.4813971,25.33641078,25.40890478,3984239.0
2021-01-03,25.26391792,25.37265725,25.26391792,25.37265725,1974842.0
2021-01-04,25.26391792,25.37265725,25.22767092,25.26391792,2807501.0
2021-01-05,25.26391792,25.30016492,25.11892992,25.30016492,4695225.0
2021-01-06,25.22766495,25.33640425,25.15517097,25.26391194,3659585.0
2021-01-07,25.30015755,25.30015755,25.15516959,25.19141658,3905314.0
2021-01-10,25.37265778,25.55389111,25.33641078,25.37265778,4439506.0
2021-01-11,25.51764107,25.51764107,25.30016244,25.37265476,5483300.0
2021-01-12,25.48139191,25.48139191,25.3726526,25.44514659,4123459.0
2021-01-13,25.48139191,25.48139191,25.40889959,25.44514659,2528144.0
2021-01-14,25.37265778,25.44515178,25.33641078,25.40890478,2766089.0
2021-01-17,25.22766495,25.37265124,25.22766495,25.37265124,2789088.0
2021-01-18,25.3364048,25.3364048,25.2276655,25.2276655,2456820.0
2021-01-19,25.30015755,25.33640286,25.22766357,25.30015755,3373270.0
2021-01-20,25.22766495,25.30015893,25.19141796,25.22766495,2921453.0
2021-01-21,25.22766495,25.30015893,25.22766495,25.22766495,2112316.0
2021-01-24,25.3364048,25.3364048,25.2276655,25.2276655,1982081.0
2021-01-25,25.1914196,25.3364059,25.1914196,25.26391359,3240630.0
2021-01-26,25.15517426,25.30016224,25.15517426,25.19142125,2477760.0
2021-01-27,25.22766495,25.26391194,25.15517097,25.19141796,2866440.0
2021-01-28,25.1914196,25.30016058,25.15517261,25.15517261,3759479.0
2021-01-31,25.118927,25.26391498,25.08268168,25.19142099,2407707.0
2021-02-01,24.7564621,25.11892703,24.7564621,25.11892703,3663478.0
2021-02-02,24.79270744,24.97394075,24.79270744,24.82895444,2576872.0
2021-02-03,24.64771652,24.82894979,24.64771652,24.7927028,2941393.0
2021-02-04,24.61147499,24.68396731,24.57522632,24.64772031,4935362.0
2021-02-07,24.72021675,24.82895607,24.61147743,24.64772276,2766707.0
2021-02-08,24.86520386,25.04643718,24.72021753,24.72021753,2996544.0
2021-02-09,25.01018906,25.30016336,24.90144974,24.90144974,4447508.0
2021-02-10,24.9739399,25.15517319,24.90144758,25.15517319,2601531.0
2021-02-11,25.04643822,25.04643822,24.90145189,24.93769889,2337586.0
2021-02-14,25.04643822,25.11893055,25.01019122,25.01019122,3255622.0
2021-02-15,25.118927,25.30016198,25.04643468,25.04643468,4635824.0
2021-02-16,25.26391792,25.30016492,25.11892992,25.11892992,3787210.0
2021-02-17,25.1914196,25.3364059,25.11892561,25.30016058,3947335.0
2021-02-18,25.1914196,25.4813922,25.15517261,25.1914196,8857618.0
2021-02-21,25.1914196,25.22766659,25.11892561,25.1914196,3533345.0
2021-02-22,25.08268356,25.19142289,25.01018957,25.11892889,5997354.0
2021-02-23,25.15517426,25.26391524,25.11892726,25.11892726,4442620.0
2021-02-24,25.04643822,25.15517755,25.01019122,25.11893055,5098508.0
2021-02-25,25.04643822,25.15517755,25.01019122,25.04643822,8707846.0
2021-02-28,24.9739399,25.01018689,24.86520059,24.93769457,3132127.0
2021-03-01,25.01018906,25.01018906,24.90144974,24.93769673,4097591.0
2021-03-02,24.9739399,25.04643388,24.93769457,24.9739399,3780935.0
2021-03-03,25.40890503,25.40890503,24.93769904,24.97394436,10986738.0
2021-03-04,25.51764107,25.59013506,25.30016244,25.37265476,10967556.0
2021-03-07,25.95260239,26.0975887,25.62638276,25.62638276,12244795.0
2021-03-08,26.02509117,26.09758516,25.80761256,25.95259886,12526203.0
2021-03-09,25.95260239,26.0975887,25.88010839,26.02509471,6298721.0
2021-03-10,25.95260239,26.02509471,25.84386139,25.88010839,5603854.0
2021-03-11,26.02509117,26.02509117,25.88010488,25.95259886,5423393.0
2021-03-14,25.95260239,25.98884938,25.88010839,25.95260239,3320312.0
2021-03-15,25.88010788,26.02509419,25.88010788,25.91635488,4818365.0
2021-03-16,25.88010788,25.98884887,25.80761556,25.91635488,6296130.0
2021-03-17,25.73512268,25.880109,25.62638336,25.843862,5130973.0
2021-03-18,25.51764107,25.84386069,25.51764107,25.69887438,8637018.0
2021-03-21,25.66262627,25.69887159,25.372652,25.40889899,4019162.0
2021-03-22,25.77136993,25.80761693,25.59013662,25.66263061,4609176.0
2021-03-23,25.69947052,25.84590596,25.66286124,25.84590596,4686742.0
2021-03-24,25.55302811,25.62624496,25.51641884,25.62624496,2876260.0
2021-03-25,25.47981453,25.62624995,25.47981453,25.62624995,3686392.0
2021-03-28,25.36998558,25.47981341,25.33337799,25.40659486,2992966.0
2021-03-29,25.73607254,25.73607254,25.29676633,25.36998319,3660726.0
2021-03-30,25.66286278,25.73607966,25.55303662,25.73607966,2999877.0
2021-03-31,26.35842896,26.35842896,25.84590412,26.35842896,23775632.0
2021-04-01,25.95573044,26.2119937,25.95573044,26.17538442,4971082.0
2021-04-04,26.02894974,26.10216661,25.88251431,25.95573118,4130272.0
2021-04-05,26.06555748,26.06555748,25.91912206,25.95572965,3595141.0
2021-04-06,25.95573044,26.028949,25.95573044,25.99233972,4465080.0
2021-04-07,25.95573044,25.95573044,25.95573044,25.95573044,0.0
2021-04-08,26.06555748,26.06555748,25.91912206,25.95572965,5377079.0
2021-04-11,26.06555748,26.06555748,26.06555748,26.06555748,0.0
2021-04-12,26.10216522,26.17538378,25.99233908,26.02894836,5728291.0
2021-04-13,25.95573044,26.17538442,25.95573044,26.028949,3845548.0
2021-04-14,26.06555748,26.06555748,25.95572965,25.95572965,6740987.0
2021-04-15,26.06555748,26.06555748,25.95572965,25.99233892,4692295.0
2021-04-18,26.02894974,26.10216661,25.99234046,25.99234046,4049249.0
2021-04-19,26.02894974,26.02894974,25.95573118,26.02894974,5282626.0
2021-04-20,26.02894974,26.02894974,25.95573118,25.99234046,3848031.0
2021-04-21,25.91912079,25.99233765,25.91912079,25.95572837,4756852.0
2021-04-22,25.91912079,25.99233765,25.88251151,25.91912079,4903002.0
2021-04-25,25.88251495,25.99234111,25.84590567,25.91912423,2797343.0
2021-04-26,25.91912079,25.91912079,25.84590224,25.84590224,3336247.0
2021-04-27,25.91912079,25.91912079,25.80929296,25.84590224,4536818.0
2021-04-28,26.21199799,26.39504272,25.99234397,26.02895325,25029052.0
2021-04-29,25.91912079,26.17538234,25.91912079,26.10216379,8977903.0
2021-05-02,25.95573044,25.99233972,25.84590429,25.91912285,4950797.0
2021-05-03,25.91912079,25.99233765,25.88251151,25.95572837,3756344.0
2021-05-04,26.10216522,26.1387745,25.99233908,26.06555763,7574342.0
2021-05-05,26.10216522,26.17538378,26.06555763,26.10216522,5521602.0
2021-05-06,26.10216522,26.1387745,26.02894836,26.10216522,6346875.0
2021-05-09,26.13877487,26.13877487,26.065558,26.10216559,4149547.0
2021-05-10,26.21199799,26.24860727,26.10217013,26.10217013,7590016.0
2021-05-17,26.2872715,26.2872715,26.17635539,26.25029889,8129714.0
2021-05-18,26.2872715,26.3242441,26.21332629,26.2872715,4286166.0
2021-05-19,26.21332359,26.2872688,26.1763527,26.25029619,2613688.0
2021-05-20,26.21332359,26.25029619,26.1763527,26.21332359,5646472.0
2021-05-23,26.21332359,26.21332359,26.1393801,26.1763527,3623162.0
2021-05-24,26.13938141,26.21332491,26.13938141,26.21332491,3487626.0
2021-05-25,26.17635345,26.21332435,26.10240825,26.13938085,8294871.0
2021-05-26,26.10240746,26.17635266,26.10240746,26.17635266,5567732.0
2021-05-27,26.0654335,26.1763513,26.0654335,26.1024061,11372771.0
2021-05-30,26.10240746,26.10240746,26.02846225,26.06543485,4189668.0
2021-05-31,26.10240746,26.10240746,26.02846225,26.10240746,3452486.0
2021-06-01,26.17635345,26.25029695,26.10240825,26.10240825,5402535.0
2021-06-02,26.17635345,26.21332435,26.10240825,26.17635345,4516423.0
2021-06-03,26.13938141,26.21332491,26.10240881,26.17635401,5512052.0
2021-06-06,26.17635345,26.21332435,26.13938085,26.17635345,7058255.0
2021-06-07,26.21332359,26.21332359,26.1393801,26.1763527,4910574.0
2021-06-08,26.17635345,26.21332435,26.10240825,26.17635345,5905413.0
2021-06-09,26.17635345,26.21332435,26.13938085,26.17635345,9394375.0
2021-06-10,26.17635345,26.21332435,26.10240825,26.17635345,11913281.0
2021-06-13,26.17635345,26.21332435,26.10240825,26.17635345,8006300.0
2021-06-14,26.10240746,26.17635266,26.06543485,26.13938006,6642514.0
2021-06-15,26.10240746,26.13938006,26.02846225,26.10240746,6122051.0
2021-06-16,26.10240746,26.17635266,26.06543485,26.10240746,4412861.0
2021-06-17,26.0654335,26.1763513,26.0654335,26.1024061,14730099.0
2021-06-20,26.10240746,26.13938006,26.06543485,26.10240746,4669834.0
2021-06-21,26.10240746,26.13938006,26.06543485,26.06543485,4164021.0
2021-06-22,26.10240746,26.13938006,26.06543485,26.10240746,9694458.0
2021-06-23,26.02846336,26.10240857,26.02846336,26.10240857,4923961.0
2021-06-24,25.99148941,26.06543461,25.99148941,26.02846201,5888717.0
2021-06-27,25.99148941,25.99148941,25.99148941,25.99148941,0.0
2021-06-28,25.95451736,25.99148826,25.91754477,25.99148826,6209565.0
2021-06-29,26.10240746,26.10240746,25.88057355,25.95451876,8813051.0
2021-06-30,25.95451736,26.06543346,25.88057217,26.02846086,15897528.0
2021-07-01,25.88057327,25.95451847,25.88057327,25.95451847,5993373.0
2021-07-04,25.91754723,25.99149073,25.88057462,25.88057462,9168951.0
2021-07-05,25.84360123,25.91754643,25.80663033,25.88057383,5891538.0
2021-07-06,25.84360123,25.88057383,25.76965773,25.84360123,4756096.0
2021-07-07,25.84360123,25.88057383,25.73268513,25.80663033,7154588.0
2021-07-08,25.76966095,25.84360446,25.73268834,25.76966095,5872244.0
2021-07-11,25.58480072,25.80663466,25.58480072,25.76966205,5070036.0
2021-07-12,25.54782677,25.69571548,25.43691066,25.58479937,6005225.0
2021-07-13,25.69571114,25.80662894,25.54782244,25.58479504,5096357.0
2021-07-14,25.88057327,25.88057327,25.65873937,25.65873937,5053520.0
2021-07-15,25.80662727,25.88057076,25.73268208,25.80662727,5757930.0
2021-07-25,25.80662727,25.88057076,25.73268208,25.80662727,7554411.0
2021-07-26,25.69571114,25.84359983,25.69571114,25.80662894,3208831.0
2021-07-27,25.658741,25.7326862,25.658741,25.6957136,4955789.0
2021-07-28,25.80662727,25.80662727,25.65873688,25.65873688,3776510.0
2021-07-29,25.76966095,25.80663356,25.65874313,25.76966095,6882856.0
2021-08-01,25.7326889,25.80663412,25.6957163,25.7326889,4458624.0
2021-08-02,25.84360123,25.95451903,25.69571253,25.69571253,10849567.0
2021-08-03,25.95451736,25.95451736,25.76965607,25.84359957,7030254.0
2021-08-04,25.84360123,25.95451903,25.80663033,25.88057383,5184431.0
2021-08-05,25.91754723,25.95451983,25.76965852,25.84360202,4794748.0
2021-08-08,25.99148941,26.06543461,25.84360071,25.88057331,8948931.0
2021-08-09,25.99148941,26.02846201,25.91754591,25.95451852,5798820.0
2021-08-10,25.99148941,26.02846201,25.91754591,25.95451852,5015629.0
2021-08-11,26.0654335,26.0654335,25.95451741,25.9914883,7506576.0
2021-08-12,26.02846336,26.06543597,25.99149076,26.06543597,5257964.0
2021-08-15,26.13938141,26.17635401,25.991491,25.991491,8176726.0
2021-08-16,26.14072227,26.21541077,26.10337803,26.21541077,8307391.0
2021-08-17,26.32744217,26.32744217,26.10337841,26.14072266,11526296.0
2021-08-18,26.17806816,26.32744343,26.17806816,26.25275493,4873262.0
2021-08-19,26.1033783,26.25275356,25.99134728,26.17806679,5474513.0
2021-08-22,26.06603622,26.10337875,25.99134773,26.10337875,2518108.0
2021-08-23,25.7672863,26.10338111,25.7672863,26.06603858,5354764.0
2021-08-24,25.99134636,25.99134636,25.8419711,25.8419711,3018767.0
2021-08-25,25.99134636,26.0286906,25.91665787,25.95400211,2473867.0
2021-08-26,26.02869415,26.02869415,25.9166614,25.9913499,1922157.0
2021-08-29,26.06603622,26.10337875,25.95400348,25.95400348,2095070.0
2021-08-30,26.17806816,26.17806816,25.95400439,26.06603714,5638995.0
2021-08-31,26.25275612,26.25275612,26.06603832,26.06603832,9071864.0
2021-09-01,26.14072227,26.21541077,26.14072227,26.17806652,3579522.0
2021-09-02,26.21541214,26.21541214,26.1033794,26.14072364,2718036.0
2021-09-05,26.21541214,26.25275466,26.14072364,26.14072364,3539627.0
2021-09-06,26.21541214,26.21541214,26.14072364,26.17806789,3564553.0
2021-09-07,26.21541214,26.21541214,26.14072364,26.14072364,2017864.0
2021-09-08,26.21541214,26.21541214,26.14072364,26.17806789,4953328.0
2021-09-09,26.1033783,26.17806679,26.1033783,26.14072254,4806624.0
2021-09-12,26.1033783,26.17806679,26.1033783,26.14072254,2743708.0
2021-09-13,26.17806816,26.17806816,26.06603714,26.10337966,4588063.0
2021-09-14,26.1033783,26.17806679,26.1033783,26.1033783,4993304.0
2021-09-15,26.25275612,26.25275612,26.14072509,26.14072509,9275156.0
2021-09-16,26.25275612,26.32744462,26.17806934,26.25275612,12930258.0
2021-09-19,26.14072227,26.25275329,26.06603551,26.21541077,8907581.0
2021-09-20,26.14072227,26.14072227,26.06603551,26.10337803,5361184.0
2021-09-21,26.06603622,26.14072299,26.06603622,26.06603622,5476276.0
2021-09-22,26.1033783,26.14072254,26.06603577,26.06603577,2945319.0
2021-09-26,26.21541214,26.25275466,26.1033794,26.14072364,9635319.0
2021-09-27,26.21541214,26.29009891,26.17806789,26.21541214,7503121.0
2021-09-28,27.1490097,27.29838497,26.17806788,26.25275465,38123894.0
2021-09-29,26.88760376,27.22369857,26.73822848,26.96229054,16498002.0
2021-09-30,26.88760376,26.96229054,26.66353998,26.85025951,10448261.0
2021-10-03,26.92494774,26.92494774,26.77557246,26.81291499,5459140.0
2021-10-04,27.18635178,27.41041554,26.81291275,26.88760124,15911658.0
2021-10-05,27.6718235,27.78385452,27.22369598,27.26104023,24454485.0
2021-10-06,27.85854721,28.38136158,27.67182767,27.67182767,36482899.0
2021-10-07,27.74650764,28.15729088,27.63447664,27.8958829,8726219.0
2021-10-10,27.59713745,27.89588801,27.37307367,27.82120123,7603692.0
2021-10-11,27.59713745,27.59713745,27.59713745,27.59713745,0.0
2021-10-12,27.78385544,27.97057496,27.52244742,27.63448017,12257349.0
2021-10-13,27.63447762,27.78385287,27.59713337,27.74650863,5614566.0
2021-10-14,27.85854721,27.89588974,27.59713916,27.63448342,8139997.0
2021-10-17,27.93322945,28.04526046,27.78385418,27.82119843,9458962.0
2021-10-18,27.93322945,27.93322945,27.82119843,27.93322945,5025859.0
2021-10-19,27.97057533,28.08260808,27.85854431,27.93323108,6158680.0
2021-10-20,27.82119751,27.97057277,27.7091665,27.89588428,6344638.0
2021-10-21,27.97057533,28.08260808,27.82120006,27.85854431,7918069.0
2021-10-24,27.93322945,28.04526046,27.93322945,27.97057369,6353941.0
2021-10-25,27.97057533,28.00791958,27.85854431,27.85854431,8926540.0
2021-10-26,27.93322945,28.00791794,27.85854268,27.93322945,9525993.0
2021-10-27,28.15729332,28.38135708,27.89588531,27.89588531,14718003.0
2021-10-28,28.1946373,28.23198155,27.97057354,28.08260628,10090928.0
2021-10-31,28.30666924,28.60541977,28.23198246,28.30666924,10994823.0
2021-11-01,28.1946373,28.38135681,28.1946373,28.30666831,6283290.0
2021-11-02,28.30666924,28.30666924,28.11994972,28.19463822,6159783.0
2021-11-03,28.08260727,28.26932506,28.0452613,28.26932506,3852292.0
2021-11-04,28.26932335,28.26932335,28.00791708,28.0452596,4071986.0
2021-11-07,28.34607124,28.38376411,28.27068204,28.34607124,3131054.0
2021-11-08,28.27068329,28.38376536,28.23298868,28.30837615,6268244.0
2021-11-09,28.11990929,28.27068598,28.08221468,28.27068598,4215950.0
2021-11-10,28.19529152,28.30837358,28.00682026,28.11990406,3343692.0
2021-11-11,28.30837631,28.30837631,28.11990677,28.15759964,2830548.0
2021-11-14,28.23298836,28.30837582,28.19529375,28.27068296,1978294.0
2021-11-15,28.08220863,28.23298529,28.08220863,28.15759609,3097391.0
2021-11-16,28.00682068,28.11990448,27.89373862,28.04451528,4444101.0
2021-11-17,27.93143272,27.96912732,27.85604352,27.89373812,2940549.0
2021-11-18,27.93143272,27.93143272,27.93143272,27.93143272,0.0
2021-11-21,27.21524239,27.59218494,27.13985492,27.59218494,5652116.0
2021-11-22,26.72521591,27.25293684,26.53674465,27.13985304,6971047.0
2021-11-23,26.98907852,27.36602108,26.49905216,26.64983057,7143115.0
2021-11-24,27.13985634,27.32832762,27.13985634,27.32832762,3264997.0
2021-11-25,26.83830261,27.36602186,26.83830261,27.17755057,4649164.0
2021-11-28,26.31058311,26.38597058,26.1974993,26.38597058,8476725.0
2021-11-29,26.31058311,26.49905266,26.31058311,26.34827598,7024624.0
2021-11-30,26.12210655,26.34827241,26.12210655,26.31057955,13296369.0
2021-12-01,26.38596916,26.38596916,26.15980329,26.19749789,5295406.0
2021-12-02,26.34827423,26.42366343,26.19749756,26.34827423,6405455.0
2021-12-05,26.53674507,26.61213427,26.38596841,26.38596841,4156491.0
2021-12-06,26.38596916,26.64982964,26.38596916,26.57444043,5570424.0
2021-12-07,26.423666,26.61213729,26.423666,26.61213729,4281524.0
2021-12-08,26.423666,26.57444268,26.3859714,26.423666,5985019.0
2021-12-09,26.19749832,26.49905166,26.12210912,26.4613588,12412425.0
2021-12-12,26.23518944,26.27288404,26.04671819,26.23518944,4878659.0
2021-12-13,26.272892,26.38597409,26.19750278,26.23519739,5796210.0
2021-12-14,26.38596916,26.38596916,26.19749789,26.2728871,3597979.0
2021-12-15,26.49905205,26.49905205,26.27288791,26.34827537,4722478.0
2021-12-16,26.57444,26.6121346,26.42366334,26.42366334,9738104.0
2021-12-19,26.423666,26.53674808,26.3859714,26.49905347,2941634.0
2021-12-20,26.57444,26.57444,26.31058127,26.42366334,5115121.0
2021-12-21,26.72521591,26.72521591,26.46135719,26.53674465,5250219.0
2021-12-22,26.68752861,26.87599817,26.649834,26.68752861,3634583.0
2021-12-23,26.91368675,26.91368675,26.64982803,26.64982803,3337136.0
2021-12-26,26.76291275,26.91368942,26.76291275,26.83830196,1592794.0
2021-12-27,26.68752861,26.76291609,26.649834,26.76291609,2537683.0
2021-12-28,26.83830261,26.83830261,26.7252188,26.7629134,3320027.0
2021-12-29,26.53674507,26.80060554,26.49905047,26.76291094,3158360.0
2021-12-30,26.98907852,26.98907852,26.49905216,26.53674676,8078821.0
2022-01-02,26.80060959,26.95138628,26.80060959,26.95138628,2644521.0
2022-01-03,26.87599373,26.98907753,26.76291166,26.76291166,3409916.0
2022-01-04,26.83830261,26.91369008,26.80060801,26.83830261,2423144.0
2022-01-05,26.95138359,26.98907819,26.80060692,26.80060692,2979819.0
2022-01-06,26.72521591,26.87599257,26.72521591,26.83829971,3839851.0
2022-01-09,26.91368675,26.91368675,26.76291009,26.76291009,4151697.0
2022-01-10,26.87599373,26.95138293,26.83830087,26.91368833,3014500.0
2022-01-11,27.13985634,27.13985634,26.80060837,26.83830298,5862003.0
2022-01-12,27.40371513,27.40371513,27.06446545,27.13985466,9992188.0
2022-01-13,27.66757584,27.70527044,27.40371708,27.40371708,8836108.0
2022-01-16,27.70527077,27.96913127,27.66757616,27.66757616,4540152.0
2022-01-17,27.81834984,27.89373904,27.59218397,27.74296237,5543157.0
2022-01-18,27.7429657,27.89374238,27.70527109,27.81835317,3446885.0
2022-01-19,27.66757584,27.78065791,27.62988123,27.70527044,2374174.0
2022-01-20,27.78065872,27.78065872,27.55449456,27.66757664,2843756.0
2022-01-23,27.51679802,27.7052693,27.44140881,27.7052693,2237392.0
2022-01-24,27.36602211,27.55449339,27.2906329,27.51679879,3231124.0
2022-01-25,27.59218025,27.59218025,27.21523777,27.32832156,2728437.0
2022-01-26,27.81834984,27.81834984,27.5167965,27.5167965,3605337.0
2022-01-27,27.81834984,27.81834984,27.81834984,27.81834984,0.0
2022-01-30,28.00682068,28.15759734,27.81834941,27.81834941,5011571.0
2022-01-31,28.1576004,28.27068422,28.00682372,28.00682372,7035574.0
2022-02-01,28.08220863,28.27067989,27.96912658,28.23298529,4688510.0
2022-02-02,27.70527077,28.27068463,27.62988156,28.11990795,6386366.0
2022-02-03,27.81834984,27.89373904,27.66757317,27.78065524,2341339.0
2022-02-06,27.7429657,27.78065856,27.5167998,27.5167998,3721232.0
2022-02-07,27.93143272,27.93143272,27.59218306,27.74296146,4843454.0
2022-02-08,28.08220863,28.30837275,27.93143198,27.93143198,6335674.0
2022-02-09,28.00682068,28.08220988,27.85604401,28.08220988,2928391.0
2022-02-10,28.11990929,28.19529676,27.85604877,27.89374338,4019989.0
2022-02-13,27.93143272,28.27068065,27.81834892,28.15759685,7390719.0
2022-02-14,28.11990929,28.11990929,27.81835417,27.93143799,5031474.0
2022-02-15,28.11990929,28.27068598,28.04452007,28.04452007,6960615.0
2022-02-16,28.45915413,28.45915413,28.04451697,28.11990618,10062856.0
2022-02-17,28.45915413,28.5722362,28.27068285,28.45915413,11625549.0
2022-02-20,28.4214592,28.57223587,28.34607173,28.3837646,6330190.0
2022-02-21,29.58997917,30.3061714,28.42145868,28.42145868,48049145.0
2022-02-23,30.57002831,30.60772116,29.40150447,29.58997572,34867798.0
2022-02-24,31.17314339,31.85163937,29.96692637,30.41925818,55009065.0
2022-02-27,30.87158775,31.6254729,30.41925597,31.17314112,29876642.0
2022-02-28,31.32391167,31.32391167,30.72080503,30.90927629,29778557.0
2022-03-01,31.24852562,31.47468974,31.13544356,31.28621848,15057987.0
2022-03-02,32.4547348,32.53012399,31.36160373,31.36160373,47862502.0
2022-03-03,33.39710236,33.92482339,32.75629924,32.79399559,38247268.0
2022-03-06,33.62326431,34.03789971,33.47248591,33.92481764,29569318.0
2022-03-07,33.77404404,34.67870764,33.69865482,34.30176505,36091703.0
2022-03-08,33.62326431,34.07559257,32.64321164,33.92481764,29356481.0
2022-03-09,32.64321518,33.88712846,32.64321518,33.84943212,16874180.0
2022-03-10,30.98466682,32.3039657,30.68311349,32.11549444,45446981.0
2022-03-13,30.11770058,31.39930315,30.08000423,30.98466774,24656964.0
2022-03-14,29.62767792,30.49464514,29.62767792,30.00462049,29155972.0
2022-03-15,29.21304131,29.55229104,29.02457,29.25073765,14738124.0
2022-03-16,30.90927696,30.90927696,29.28842478,29.40150685,23529578.0
2022-03-17,31.55007744,31.55007744,30.30616789,30.79619244,27495657.0
2022-03-20,32.60551834,33.09554293,32.00241169,32.04010455,27731094.0
2022-03-21,32.37935257,32.94476633,32.19088131,32.94476633,19634980.0
2022-03-22,32.49243927,32.56782848,32.07780384,32.56782848,11194097.0
2022-03-23,32.11549759,32.30396888,31.62547294,32.30396888,11625262.0
2022-03-24,32.11549759,32.49244016,32.04010838,32.22857967,7901457.0
2022-03-27,31.55007744,32.04010199,31.32390985,31.92701994,12627460.0
2022-03-28,31.70086098,31.77624671,31.32391494,31.51238622,8079047.0
2022-03-29,31.58778,31.66316922,31.47469791,31.62547635,5271077.0
2022-03-30,31.43700218,31.66316634,31.09775247,31.58777713,5099495.0
2022-03-31,32.49243927,32.49243927,31.13544743,31.43700079,14251226.0
2022-04-03,32.34165192,32.49243029,32.04009864,32.30395906,7373116.0
2022-04-04,32.34165192,32.34165192,32.34165192,32.34165192,0.0
2022-04-05,32.41705322,32.53013531,32.26627479,32.49244244,5635854.0
2022-04-06,32.41705322,32.49244244,32.26627479,32.41705322,7276769.0
2022-04-07,32.30396271,32.3793519,32.15318431,32.3793519,4650972.0
2022-04-10,32.26626968,32.41704809,32.22857682,32.34165889,3566496.0
2022-04-11,32.19088364,32.41704777,32.11549443,32.2285765,5078893.0
2022-04-12,32.41705322,32.90707791,32.15319271,32.19088905,12503670.0
2022-04-13,32.15319443,32.49244418,32.07780869,32.41705496,6388738.0
2022-04-14,32.41705322,32.41705322,31.96472141,32.15319271,5554319.0
2022-04-17,32.22857666,32.34165873,32.1908838,32.34165873,3127790.0
2022-04-18,32.26626968,32.34165889,32.15318762,32.19088396,2439598.0
2022-04-19,32.04010391,32.37935357,32.04010391,32.30396437,6320639.0
2022-04-20,32.71860123,32.71860123,32.15318742,32.37935503,17940938.0
2022-04-21,32.41705322,32.83168869,32.34166401,32.71860661,8970735.0
2022-04-24,32.41705322,32.41705322,32.22858192,32.34166401,3569825.0
2022-04-25,32.34165192,32.4170411,32.22856987,32.37934825,5490722.0
2022-04-26,32.68091202,32.71860488,32.3416623,32.41705152,8643264.0
2022-04-27,33.43479538,33.69865239,32.60552105,32.68091026,15690322.0
2022-04-28,33.84943008,33.84943008,33.51018387,33.73634801,15921136.0
2022-05-08,34.56562042,34.75409169,33.69864982,33.77403902,16868487.0
2022-05-09,34.64100647,34.86717408,34.45253868,34.56562075,15428569.0
2022-05-10,34.64100647,34.82947774,34.11328901,34.64100647,11566972.0
2022-05-11,34.30176544,34.79179012,34.30176544,34.52792961,8919220.0
2022-05-12,33.69864655,34.30175663,33.09553994,34.30175663,16990323.0
2022-05-15,35.11972427,35.57582459,33.79288478,34.82947672,18045682.0
2022-05-16,35.24412155,35.94900113,34.99533889,35.07826528,18335066.0
2022-05-17,34.16605759,35.24411442,33.62703091,35.24411442,18747976.0
2022-05-18,33.75143051,34.49777506,33.58557423,34.20753092,14996814.0
2022-05-19,32.96361923,33.37825468,32.75629803,33.21239841,13330533.0
2022-05-22,32.50751877,33.25386327,32.17580971,33.17093688,8822931.0
2022-05-23,32.75629425,32.75629425,32.30019392,32.63190641,7205157.0
2022-05-24,33.56708908,33.60888895,32.68924268,32.98185931,12548662.0
2022-05-25,34.27773666,34.48674661,33.60889992,33.60889992,8705368.0
2022-05-26,34.02691269,34.65394234,33.81790281,34.3613292,8018908.0
2022-05-29,34.5703392,34.69574583,34.36132932,34.36132932,8205951.0
2022-05-30,34.65394211,34.90475537,34.44493223,34.57033886,11719717.0
2022-05-31,35.03016281,35.11376606,34.48673641,34.94655956,35954528.0
2022-06-01,34.31953049,34.9883636,34.31953049,34.9883636,5926800.0
2022-06-02,33.60889053,34.27772709,33.60889053,34.27772709,6805777.0
2022-06-05,33.98511505,34.06871832,33.69250187,33.69250187,4625700.0
2022-06-06,34.27773666,34.31953655,34.02692332,34.02692332,5437804.0
2022-06-07,33.85970688,34.31953008,33.85970688,34.2777302,3739451.0
2022-06-08,33.94330597,34.15231936,33.77609947,33.9015061,2834378.0
2022-06-09,33.77610016,34.11051668,33.56709027,33.98511005,5776926.0
2022-06-12,32.77285004,33.52528632,32.73104666,33.52528632,8041691.0
2022-06-13,32.94006348,33.10727352,32.02041699,32.60564689,10677861.0
2022-06-14,32.64744949,33.10727273,32.27122953,32.94006268,6514281.0
2022-06-15,32.14582062,32.77285385,32.10401723,32.60564382,6336284.0
2022-06-16,32.18761826,32.56383462,32.14581488,32.14581488,9292529.0
2022-06-19,30.89175606,31.85320579,30.89175606,31.81140241,9260147.0
2022-06-20,30.84994888,31.26797213,30.55733577,30.84994888,8654467.0
2022-06-21,31.35158157,31.60239487,30.97536163,31.01716501,6088788.0
2022-06-22,31.10076904,31.43518561,30.93356251,31.43518561,4761763.0
2022-06-23,31.10076904,31.43518561,31.01716578,31.14257243,5075703.0
2022-06-26,31.47698975,31.64419628,31.39338648,31.39338648,3266113.0
2022-06-27,31.43518066,31.60239068,31.35157741,31.60239068,3370535.0
2022-06-28,32.48023224,32.48023224,31.47698273,31.47698273,6143678.0
2022-06-29,32.77285004,33.10726655,32.18762026,32.43843352,6250515.0
2022-06-30,32.4384346,32.77285113,32.39663122,32.77285113,8449684.0
2022-07-03,32.31302261,32.56383234,32.06220938,32.48022909,1763140.0
2022-07-04,31.89500618,32.18762285,31.68599628,32.18762285,3961053.0
2022-07-05,32.02041626,32.10401953,31.76960295,31.8950096,2635732.0
2022-07-06,31.72780037,31.81140363,31.51879046,31.72780037,6128310.0
2022-07-13,30.64094162,31.4351813,30.64094162,31.35157805,10024366.0
2022-07-14,30.30653,30.8499565,30.18112334,30.68274996,4946062.0
2022-07-17,30.89175606,31.05896608,30.43193288,30.5991429,3414552.0
2022-07-18,32.18761826,32.18761826,30.93355553,30.93355553,6487923.0
2022-07-19,32.39663315,32.60564305,31.8532067,32.18762325,4877327.0
2022-07-20,32.52204132,32.60564458,32.22942464,32.35483129,3764926.0
2022-07-21,32.31302261,32.56383234,32.27121924,32.56383234,3326261.0
2022-07-24,32.35483551,32.43844229,31.97861902,32.18762896,2069603.0
2022-07-25,32.27122498,32.52203825,32.14581834,32.18762172,3996118.0
2022-07-26,32.4384346,32.48023447,32.14581795,32.35482784,3051738.0
2022-07-27,33.23266983,33.31627307,32.39662687,32.60563674,8446526.0
2022-07-28,33.19087982,33.48349305,33.19087982,33.39988977,12237404.0
2022-07-31,33.23266983,33.48347956,33.19086645,33.19086645,6181844.0
2022-08-01,33.48348618,33.52528956,33.19087301,33.2326764,9908784.0
2022-08-02,33.31628036,33.48348689,32.7728539,33.44168701,7012434.0
2022-08-03,33.31628036,33.31628036,33.02366369,33.2326771,3223353.0
2022-08-04,33.19087982,33.31628649,33.10727654,33.19087982,3226778.0
2022-08-07,32.81465149,33.10726815,32.77285162,33.10726815,2103791.0
2022-08-08,32.85645294,33.06546282,32.73104631,32.85645294,3262293.0
2022-08-09,33.27447128,33.31627466,32.68924154,32.85645154,8987535.0
2022-08-10,33.31628036,33.48348689,33.06546707,33.27447698,5880068.0
2022-08-11,34.11051941,34.11051941,33.35808305,33.35808305,10216671.0
2022-08-14,33.81790543,34.36133186,33.69249879,34.11051858,8740202.0
2022-08-15,33.81790543,33.81790543,33.31627886,33.77610204,5539893.0
2022-08-16,33.27447128,33.73429441,33.27447128,33.73429441,5862157.0
2022-08-17,33.27447128,33.31627466,32.98185816,33.27447128,4423357.0
2022-08-18,33.02365875,33.35807877,33.02365875,33.23267214,3533927.0
2022-08-21,32.77285004,33.06546317,32.68924328,33.02365979,2568305.0
2022-08-22,32.6631012,32.87383024,32.53666306,32.87383024,4258024.0
2022-08-23,32.36808395,32.78954566,32.36808395,32.53666935,2628820.0
2022-08-24,33.00027084,33.12670899,32.36808012,32.41022735,3932121.0
2022-08-25,33.16885757,33.21100127,32.91598127,33.21100127,2550359.0
2022-08-28,32.62096024,33.16886011,32.57881654,32.95812748,3869448.0
2022-08-29,32.41022873,32.83168687,32.3680815,32.6209578,4855037.0
2022-08-30,32.15735245,32.83168689,32.15735245,32.74739597,8698024.0
2022-08-31,31.60945511,32.28378953,31.60945511,32.15735138,9711090.0
2022-09-01,31.27228165,31.69373969,31.06155262,31.60944879,9360063.0
2022-09-04,31.73589516,31.73589516,31.14585162,31.27228977,3123786.0
2022-09-05,31.60945511,31.8623314,31.60945511,31.73589325,4554112.0
2022-09-06,31.31443405,31.904474,31.31443405,31.60945402,6499271.0
2022-09-07,31.10369873,31.52516034,31.10369873,31.35657499,4856111.0
2022-09-08,30.80868912,31.23014734,30.80868912,31.1458564,5267568.0
2022-09-11,31.27228165,31.52515789,31.10369631,31.10369631,3830339.0
2022-09-12,31.39871979,31.56730159,31.23013445,31.39871979,4500965.0
2022-09-13,31.35658073,31.52516612,31.35658073,31.39872796,4480298.0
2022-09-14,31.1879921,31.48301203,31.01940675,31.272283,4253405.0
2022-09-15,30.7665329,31.69374354,30.7665329,31.23013822,10854219.0
2022-09-18,30.55580902,30.97726719,30.38722717,30.85083257,4282881.0
2022-09-19,30.3450737,30.68224087,30.3450737,30.55580274,4947747.0
2022-09-20,30.51365471,30.59794915,30.4293638,30.4293638,3310346.0
2022-09-21,30.3450737,30.55580274,30.3450737,30.55580274,4136874.0
2022-09-25,29.54430389,30.09220015,29.50215667,30.09220015,7394772.0
2022-09-26,28.7013855,29.54430531,28.7013855,29.50215808,11104718.0
2022-09-27,29.03854942,29.20713478,28.65923679,28.78567492,8792238.0
2022-09-28,29.41786385,29.79717825,28.99640399,29.24928026,7244436.0
2022-09-29,30.21864128,30.21864128,29.75503589,29.79718312,5390104.0
2022-10-02,30.1343441,30.21863501,29.75502971,30.17648779,3100834.0
2022-10-03,30.1343441,30.59794939,30.00790597,30.17648779,7254248.0
2022-10-04,30.1343441,30.1343441,30.1343441,30.1343441,0.0
2022-10-05,30.30292702,30.64009419,30.1343452,30.38722146,6495208.0
2022-10-06,30.3450737,30.51365552,30.30292648,30.51365552,4513199.0
2022-10-09,30.3450737,30.51365552,30.26078279,30.3450737,3527398.0
2022-10-10,30.1343441,30.42936404,30.1343441,30.34507314,2795564.0
2022-10-11,30.09220123,30.13434846,29.88147217,30.13434846,3324350.0
2022-10-12,30.09220123,30.13434846,29.88147217,30.09220123,2689887.0
2022-10-13,29.83932495,30.05005402,29.83932495,30.00791033,2196674.0
2022-10-16,29.50215912,29.83932635,29.24928458,29.75503543,2919621.0
2022-10-17,29.67074585,29.8393277,29.41786953,29.50216046,9779287.0
2022-10-18,30.00790787,30.00790787,29.75503159,29.75503159,4683995.0
2022-10-19,30.1343441,30.17648779,29.83932062,29.92361507,5044389.0
2022-10-20,30.38722038,30.38722038,30.0921969,30.13434412,7209833.0
2022-10-23,30.7665329,30.97726195,30.42936571,30.42936571,4821944.0
2022-10-24,30.7665329,30.7665329,30.42936571,30.59795107,5637526.0
2022-10-25,30.1343441,30.80867843,30.00790597,30.76653121,4846945.0
2022-10-26,29.58644867,30.26078483,29.41786507,30.26078483,6900655.0
2022-10-27,29.24928093,30.00790799,29.24928093,29.58644812,15143912.0
2022-10-30,29.29142761,29.62859481,29.24928215,29.62859481,3103108.0
2022-10-31,29.41786385,29.50215476,29.12284212,29.50215476,5511944.0
2022-11-01,29.37571907,29.6707408,29.1228428,29.50215544,5753594.0
2022-11-02,28.99640656,29.62859552,28.86996841,29.37572099,12142584.0
2022-11-03,28.9121151,29.03855147,28.65923881,28.9121151,7638142.0
2022-11-06,29.37571907,29.50215544,29.1228428,29.20713548,5991056.0
2022-11-07,29.46001053,29.46001053,29.12284333,29.33357239,8498694.0
2022-11-08,29.41786385,29.41786385,29.2071348,29.37571839,4600329.0
2022-11-09,29.17949677,29.43470989,29.13695976,29.43470989,3749322.0
2022-11-10,29.09442329,29.13695852,28.92428062,29.00935285,4269896.0
2022-11-13,29.26456833,29.47724802,29.09442565,29.26456833,3371156.0
2022-11-14,28.71160316,29.17949596,28.71160316,29.17949596,12008868.0
2022-11-15,28.20116997,28.75413492,28.03102732,28.71159971,9075031.0
2022-11-16,28.66906548,28.66906548,27.86088736,28.20117269,7382536.0
2022-11-17,28.66906548,28.83920814,28.49892281,28.7541377,4807159.0
2022-11-20,28.62652969,28.71160192,28.49892225,28.71160192,2450870.0
2022-11-21,28.15863991,28.62653273,28.07356946,28.62653273,4234353.0
2022-11-22,28.41385269,28.54146014,27.98849512,28.15863779,3744145.0
2022-11-24,28.24370956,28.41385223,28.0735669,28.41385223,3342737.0
2022-11-27,28.11610222,28.24370967,28.073567,28.24370967,2275394.0
2022-11-28,27.39299202,27.9884922,27.39299202,27.94595698,6954732.0
2022-11-29,28.24370956,28.24370956,27.69074456,27.73327978,6473553.0
2022-11-30,28.49892235,28.49892235,28.03102957,28.20117224,10117552.0
2022-12-01,28.15863991,28.58399751,28.11610468,28.49892527,3923112.0
2022-12-04,28.07357025,28.24371294,27.90342578,28.1586407,3201949.0
2022-12-05,27.4780674,28.11610286,27.4780674,28.07356764,5514584.0
2022-12-06,27.35046005,27.6907454,27.2228526,27.4780675,6623720.0
2022-12-07,27.0101757,27.47806852,27.0101757,27.39299629,5974599.0
2022-12-08,26.71242332,27.26538654,26.41467322,27.22285132,9045545.0
2022-12-11,26.24453163,26.84003187,26.11692418,26.71242442,5781856.0
2022-12-12,25.73410225,26.32960068,25.52142258,26.24453024,9248818.0
2022-12-13,26.07439041,26.58481845,25.8191755,25.86171072,8453920.0
2022-12-14,26.3296032,26.62735333,26.15946052,26.3721402,4911910.0
2022-12-15,26.41467285,26.41467285,26.20199497,26.37213763,36534291.0
2022-12-18,26.24453163,26.45720952,26.20199641,26.4146743,3068912.0
2022-12-19,26.3296032,26.3296032,25.98931784,26.3296032,4836051.0
2022-12-20,26.37214088,26.37214088,25.94678328,26.32960387,4599450.0
2022-12-21,26.37214088,26.41467611,26.2019982,26.37214088,2568511.0
2022-12-22,26.45720863,26.54228086,26.32960119,26.37213819,2690249.0
2022-12-25,26.71242332,26.75495854,26.45720844,26.54228066,3253701.0
2022-12-26,26.71242332,26.84003077,26.6698881,26.75495854,2194215.0
2022-12-27,27.2228508,27.39299346,26.71242282,26.71242282,5551469.0
2022-12-28,27.39299202,27.39299202,27.09524193,27.22284937,3975053.0
2022-12-29,27.30792427,27.39299471,27.18031682,27.39299471,5744886.0
2023-01-01,27.56313705,27.56313705,27.30792395,27.35045917,1569087.0
2023-01-02,27.35046005,27.64821018,27.35046005,27.64821018,4693364.0
2023-01-03,27.35046005,27.35046005,27.35046005,27.35046005,0.0
2023-01-04,26.96763611,27.35045844,26.84003045,27.30792322,4618455.0
2023-01-05,26.84003258,26.96763825,26.54228245,26.96763825,4797670.0
2023-01-08,26.79749489,26.84003189,26.71242444,26.84003189,2074569.0
2023-01-09,26.96763611,27.09524355,26.79749345,26.79749345,4194627.0
2023-01-10,27.09524536,27.09524536,26.92510269,27.01017492,4766331.0
2023-01-11,27.09524536,27.09524536,26.92510269,27.09524536,2897814.0
2023-01-12,27.35046005,27.35046005,27.01017471,27.05270993,5219232.0
2023-01-15,27.30792427,27.43552993,27.26538726,27.35045949,2910536.0
2023-01-16,27.26538849,27.3079255,27.13778282,27.26538849,2872567.0
2023-01-17,27.30792427,27.30792427,27.05270937,27.18031682,3066789.0
2023-01-18,27.30792427,27.30792427,27.05270937,27.18031682,3066789.0
2023-01-19,27.39299202,27.47806424,27.13777893,27.22284937,5009446.0
2023-01-22,27.60567284,27.69074327,27.43552839,27.43552839,5923673.0
2023-01-23,28.07357025,28.07357025,27.60567741,27.60567741,7005302.0
2023-01-24,28.24370956,28.28624478,28.03102989,28.0735669,5809266.0
2023-01-25,28.15863991,28.24371214,27.22285426,28.24371214,7670790.0
2023-01-26,27.98849678,28.20117468,27.98849678,28.15863946,4469603.0
2023-01-29,28.07357025,28.11610548,27.90342578,27.90342578,3784113.0
2023-01-30,28.07357025,28.1586407,27.90342578,28.07357025,6385128.0
2023-01-31,28.03103256,28.07356957,27.81835465,28.07356957,5410044.0
2023-02-01,27.98849678,27.98849678,27.77581888,27.86088932,2477928.0
2023-02-02,27.73328209,27.94596178,27.60567642,27.86088955,4652997.0
2023-02-05,27.30792427,27.69074483,27.18031682,27.69074483,3286226.0
2023-02-06,27.2228508,27.26538602,26.9251007,27.2228508,4815668.0
2023-02-07,27.30792427,27.60567439,27.18031682,27.60567439,7435173.0
2023-02-08,27.64820862,27.64820862,27.26538629,27.30792329,4280361.0
2023-02-09,27.56313705,27.64820928,27.39299439,27.64820928,6592963.0
2023-02-12,27.60567284,27.69074327,27.4780654,27.52060061,2937079.0
2023-02-13,28.07357025,28.1586407,27.52060518,27.5631404,8520087.0
2023-02-14,28.03103256,28.15864002,27.9034251,28.07356957,5141869.0
2023-02-15,28.24370956,28.24370956,27.73327978,27.77581678,5761522.0
2023-02-16,28.11610222,28.32878011,28.11610222,28.24370967,2921620.0
2023-02-19,27.90342331,28.11610299,27.81835287,28.07356777,1943225.0
2023-02-20,27.64820862,27.90342172,27.64820862,27.90342172,1847654.0
2023-02-21,27.56313705,27.6907445,27.43552961,27.64820928,3047377.0
2023-02-23,27.05270958,27.52060237,27.05270958,27.52060237,4508438.0
2023-02-26,26.71242332,27.22285132,26.71242332,27.05270865,3275028.0
2023-02-27,26.37214088,26.84003371,26.28706865,26.75496148,7221309.0
2023-02-28,27.05270958,27.05270958,26.28706667,26.41467412,6594461.0
2023-03-01,26.84003258,27.05271048,26.79749557,27.05271048,1804.0
2023-03-02,27.0101757,27.22285361,27.0101757,27.0101757,5500.0
2023-03-05,27.2228508,27.39299346,27.05270814,27.05270814,2200.0
2023-03-06,27.2228508,27.2228508,27.2228508,27.2228508,0.0
2023-03-07,27.52060318,27.52060318,27.0952456,27.13778261,8597.0
2023-03-08,27.56313705,27.56313705,27.09524427,27.30792395,590.0
2023-03-09,27.90342331,27.94596032,27.43553051,27.52060274,2200.0
2023-03-12,27.90342331,28.07356777,27.77581764,27.90342331,1100.0
2023-03-13,28.03103256,28.15864002,27.9034251,28.07356957,17252.0
2023-03-14,28.03103256,28.15864002,27.9034251,28.07356957,3547.0
2023-03-15,27.11371994,27.75826146,27.11371994,27.62935279,550.0
2023-03-16,26.5980854,27.11372006,26.5980854,27.07074931,2048.0
2023-03-19,26.5980854,26.5980854,26.5980854,26.5980854,0.0
2023-03-20,26.72699165,26.85590031,26.64105375,26.64105375,1100.0
2023-03-21,27.11371994,27.2426268,26.85590261,26.89887157,1100.0
2023-03-22,27.24262619,27.58638322,27.11371933,27.11371933,718.0
2023-03-23,27.62935448,27.62935448,27.15669055,27.24262846,3300.0
2023-03-26,27.62935448,27.62935448,27.62935448,27.62935448,0.0
2023-03-27,27.62935448,27.62935448,27.62935448,27.62935448,0.0
2023-03-28,27.62935448,27.62935448,27.62935448,27.62935448,0.0
2023-03-29,27.84420013,27.84420013,27.5863846,27.71529147,7586.0
2023-03-30,27.75826454,27.84420246,27.67232482,27.8012335,3485.0
2023-04-02,27.80122948,27.88716918,27.75826052,27.75826052,723.0
2023-04-03,27.9731102,28.10201887,27.84420152,27.93014124,1100.0
2023-04-04,28.18795586,28.40280424,28.05904899,28.05904899,3272.0
2023-04-05,27.93013954,28.27389478,27.84419983,28.23092583,5143.0
2023-04-06,28.0590477,28.10201665,27.88717008,27.93013903,24200.0
2023-04-09,28.10201836,28.18795627,27.97310968,27.97310968,2750.0
2023-04-10,28.01607895,28.14498762,27.97310999,28.10201867,770.0
2023-04-11,27.88716888,28.01607574,27.71528947,27.97310679,704.0
2023-04-12,28.10201836,28.10201836,27.84420101,27.88717177,1711.0
2023-04-13,28.23092842,28.23092842,28.05905078,28.10201974,1749.0
2023-04-16,28.44577217,28.57468084,28.18795484,28.27389455,550.0
2023-04-17,29.77782631,29.86376422,28.44577249,28.44577249,550.0
2023-04-25,30.93799782,30.93799782,29.77782353,29.82079248,5402.0
2023-04-26,30.93799782,31.06690647,30.50830471,30.93799782,1100.0
2023-04-27,30.93799782,31.06690647,30.55127185,30.55127185,1467.0
2023-04-30,31.19581985,31.36769568,30.98097327,30.98097327,3564.0
2023-05-01,30.98097038,31.32472561,30.93799963,31.19581695,1413.0
2023-05-02,30.46533775,30.98097244,30.29345832,30.93800168,752.0
2023-05-03,30.16455269,30.33643032,29.86376638,30.25049241,3564.0
2023-05-04,30.12157822,30.16454717,29.77782301,29.99266956,4046.0
2023-05-07,30.72315598,30.8950318,30.25049204,30.25049204,2200.0
2023-05-08,30.76612091,30.93800033,30.50830719,30.72315376,11000.0
2023-05-09,31.76301765,32.99194687,31.62122063,32.99194687,5000.0
2023-05-10,31.71574593,31.85754653,31.57394892,31.85754653,1000.0
2023-05-11,31.81027985,31.85754551,31.24308104,31.52667864,500.0
2023-05-14,31.85754776,31.85754776,31.66848148,31.81028209,10000.0
2023-05-15,31.29034805,32.1411445,31.29034805,31.85754688,662.0
2023-05-16,30.62862206,31.62121552,29.82509126,31.52668058,4783.0
2023-05-17,30.63090897,30.82175649,30.44006326,30.72633455,4619.0
2023-05-18,30.91718483,30.91718483,30.67862632,30.77404827,601.0
2023-05-21,30.91718483,30.9648958,30.77404827,30.91718483,885.0
2023-05-22,30.77404594,30.9171825,30.72633497,30.86946789,555.0
2023-05-23,30.63090897,30.86946746,30.53548703,30.77404552,500.0
2023-05-24,30.53548813,30.67862469,30.44006436,30.5831991,3791.0
2023-05-25,30.44006538,30.53548915,30.44006538,30.53548915,473.0
2023-05-28,30.4877758,30.58319774,30.4877758,30.4877758,759.0
2023-05-29,30.29692841,30.5354869,30.24921744,30.48777593,1880.0
2023-05-30,30.39235306,30.48777682,30.34464027,30.34464027,572.0
2023-05-31,30.0583725,30.44006575,30.0583725,30.39235478,1146.0
2023-06-01,30.20150375,30.39235127,30.20150375,30.24921654,990.0
2023-06-04,30.72633171,30.77404268,30.44006045,30.53548421,1500.0
2023-06-05,31.10802841,31.48972349,30.72633698,30.72633698,714.0
2023-06-06,31.06031227,31.10802324,30.77404283,31.10802324,2000.0
2023-06-07,30.91718483,31.01260678,30.82175924,31.01260678,1000.0
2023-06-08,30.96489143,31.0126024,30.77404392,30.82175489,6720.0
2023-06-11,30.86946869,30.9171833,30.82175772,30.86946869,700.0
2023-06-12,30.82175827,30.86946924,30.63091074,30.86946924,500.0
2023-06-13,30.72633171,30.91717922,30.63090614,30.77404268,920.0
2023-06-14,31.15574265,31.15574265,30.7263366,30.7263366,500.0
2023-06-15,31.01260376,31.29887322,30.91718182,31.06031473,27337.0
2023-06-18,30.82175827,31.10802775,30.72633632,31.0126058,715.0
2023-06-19,30.63090897,30.82175649,30.583198,30.72633455,4859944.0
2023-06-20,30.67862511,30.67862511,30.53548855,30.58319952,5097686.0
2023-06-21,30.72633171,30.82175364,30.58319517,30.63090614,3192388.0
2023-06-22,30.77404594,30.86946789,30.63090939,30.72633497,4892740.0
2023-07-02,30.72633171,30.82175364,30.63090614,30.72633171,3037150.0
2023-07-03,30.82175827,30.82175827,30.67862535,30.82175827,6086391.0
2023-07-04,30.82175827,30.86946924,30.72633632,30.82175827,3380056.0
2023-07-05,30.86946869,30.9171833,30.77404674,30.82175772,5349418.0
2023-07-06,30.82175827,30.86946924,30.72633632,30.82175827,3438050.0
2023-07-09,30.82175827,30.86946924,30.7740473,30.82175827,3050612.0
2023-07-10,30.67862511,30.82175803,30.67862511,30.72633608,4007160.0
2023-07-11,30.63090897,30.77404552,30.63090897,30.67862358,5613729.0
2023-07-12,30.72633171,30.86946461,30.67862074,30.72633171,4516011.0
2023-07-13,30.67862511,30.82175803,30.67862511,30.77404705,4601798.0
2023-07-16,30.67862511,30.72633608,30.53548855,30.67862511,5293094.0
2023-07-17,30.82175827,30.86946924,30.53548879,30.63091074,21493538.0
2023-07-18,30.82175827,30.82175827,30.63091074,30.7740473,5942136.0
2023-07-19,30.82175827,30.82175827,30.53548879,30.67862535,7723155.0
2023-07-20,30.82175827,30.82175827,30.53548879,30.7740473,7585662.0
2023-07-23,30.86946869,30.9171833,30.58319921,30.72633577,7558158.0
2023-07-24,30.77404594,30.86946789,30.678624,30.82175692,8931808.0
2023-07-25,30.86946869,30.9171833,30.72633577,30.82175772,7099013.0
2023-07-26,30.91718483,31.10802873,30.72633729,30.82175924,10957117.0
2023-07-27,30.82175827,31.06031678,30.72633632,30.91718386,25154263.0
2023-07-30,30.82175827,31.0126058,30.72633632,30.82175827,5877354.0
2023-07-31,30.91718483,30.91718483,30.6309117,30.82175924,9775105.0
2023-08-01,30.77404594,31.01260444,30.678624,30.9171825,7680748.0
2023-08-02,30.77404594,30.86946789,30.63090939,30.82175692,6334508.0
2023-08-03,30.77404594,31.01260444,30.678624,30.678624,10511260.0
2023-08-06,30.82175827,30.91718386,30.72633632,30.7740473,7194280.0
2023-08-07,31.15574265,31.4897231,30.77404758,30.91718414,28346998.0
2023-08-08,31.53743172,32.06225967,31.20345129,31.25116226,26548628.0
2023-08-09,31.63285637,32.06225873,31.48971982,31.58514176,14715086.0
2023-08-10,32.44395828,32.58709485,31.68057176,31.68057176,29090311.0
2023-08-13,32.96878815,32.96878815,32.44396011,32.44396011,15763784.0
2023-08-14,33.01649857,33.11192416,32.68251809,32.92107661,16978444.0
2023-08-15,32.82565689,33.06421543,32.49167275,32.87336787,16289575.0
2023-08-16,32.87335968,33.25505107,32.53937562,32.7779341,19533666.0
2023-08-17,33.44589996,33.49361093,32.68251351,32.87336104,26806203.0
2023-08-20,33.39819336,33.49361531,32.96878729,33.44590434,15238486.0
2023-08-21,32.87335968,33.35047665,32.68251217,33.35047665,18652897.0
2023-08-22,32.82565689,33.01650081,32.68252031,32.73023129,18224009.0
2023-08-23,32.92107391,33.20734339,32.63480443,32.77793735,13388241.0
2023-08-24,33.06420898,33.35047845,32.73022491,32.87336146,14284621.0
2023-08-27,33.20734406,33.44590257,33.01649652,33.06421113,18767190.0
2023-08-28,32.96878815,33.5413308,32.87336619,33.1596357,20128293.0
2023-08-29,32.53937912,32.96878516,32.49166815,32.92107419,15513670.0
2023-08-30,33.25505447,33.30276909,32.39624603,32.58709357,16924373.0
2023-08-31,33.30276871,33.30276871,32.77793708,33.11192118,20887272.0
2023-09-03,32.87335968,33.11191816,32.68251217,33.01649259,12030768.0
2023-09-04,32.73022461,32.82565019,32.49166612,32.82565019,13714339.0
2023-09-05,32.53937912,32.73022665,32.3962462,32.68251568,15699150.0
2023-09-06,32.44395828,32.6825168,32.39624731,32.53938023,14109107.0
2023-09-07,32.58708954,32.82564802,32.30081645,32.443953,14194811.0
2023-09-10,32.39624405,32.58709157,32.20539653,32.58709157,9850983.0
2023-09-11,32.39912033,32.39912033,31.87191643,32.35119337,13532644.0
2023-09-12,31.91984177,32.35119172,31.87191481,32.20740718,11040997.0
2023-09-13,32.06362534,32.35119074,31.82398689,31.87191384,18216187.0
2023-09-14,32.5429039,32.5429039,32.11155394,32.11155394,22212389.0
2023-09-17,32.68669128,32.87840282,32.44705277,32.54291037,13056838.0
2023-09-18,32.78253937,32.78253937,32.3991164,32.6866818,16277240.0
2023-09-19,32.8783989,32.97425648,32.59083345,32.59083345,22742251.0
2023-09-20,32.8783989,33.07011041,32.68668738,32.83047193,19406894.0
2023-09-21,32.68669128,32.92632979,32.44705277,32.83047585,15356309.0
2023-09-25,32.5429039,32.87839628,32.3511924,32.63875782,16105497.0
2023-09-26,32.83047104,32.97425559,32.35119409,32.49497864,17426833.0
2023-09-27,33.4056015,33.4056015,32.59083216,32.73461671,20015714.0
2023-09-28,33.54938889,33.69317344,33.35767736,33.40560433,36859450.0
2023-10-01,33.26182175,33.54938719,33.16596416,33.50146023,11451962.0
2023-10-02,32.8783989,33.30974889,32.734618,33.21389496,14139534.0
2023-10-03,32.6387558,32.87839425,32.59082884,32.78254033,19661588.0
2023-10-04,32.39912033,32.6387588,32.25533944,32.59083184,10975391.0
2023-10-05,32.06362534,32.35119074,32.06362534,32.35119074,11866305.0
2023-10-08,32.15948105,32.15948105,31.7760617,32.01570016,7559795.0
2023-10-09,32.20740509,32.2553357,31.87191273,32.15947813,13495768.0
2023-10-10,32.59083176,32.63875872,32.06362786,32.20740874,14806577.0
2023-10-11,32.15948105,32.59083101,32.06362713,32.59083101,8177747.0
2023-10-12,32.30326462,32.35119158,31.82398771,32.11155312,11432858.0
2023-10-15,31.96776962,32.35119263,31.91984266,32.15948113,21877754.0
2023-10-16,32.01569748,32.11155139,31.82398599,31.91983991,13361052.0
2023-10-17,32.06362534,32.25533683,31.96776776,32.01569838,12066022.0
2023-10-18,32.01569748,32.30326288,31.96776687,32.01569748,10894732.0
2023-10-19,32.11155701,32.20741094,31.91984549,31.96777245,10470436.0
2023-10-22,31.96776962,32.15948113,31.8719157,32.01570024,9069190.0
2023-10-23,31.87191582,32.06362732,31.77606189,31.91984278,10767626.0
2023-10-24,31.82398987,32.01570138,31.68020532,31.87191683,8034081.0
2023-10-25,31.68020058,31.87191206,31.44056214,31.8239851,14156165.0
2023-10-26,31.82398987,31.91984379,31.39263989,31.63227836,15720398.0
2023-10-29,31.58435249,31.72813339,31.48849491,31.72813339,10217640.0
2023-10-30,31.58435249,31.82399097,31.48849491,31.58435249,10943495.0
2023-10-31,31.91984177,32.0636263,31.48849181,31.58434939,18420094.0
2023-11-01,31.77606201,32.01570048,31.58435051,31.87191594,13986605.0
2023-11-02,31.77606201,32.06362744,31.68020443,31.72813139,13973844.0
2023-11-05,31.91984177,32.0636263,31.72813027,31.72813027,11194135.0
2023-11-06,32.06362534,32.06362534,31.77605993,31.87191384,12769885.0
2023-11-07,32.20740509,32.35118962,32.01569726,32.15947813,16015994.0
2023-11-08,32.15948105,32.20740801,31.96776955,32.11155409,12092091.0
2023-11-09,32.11155701,32.25534156,31.96777245,32.06363004,10624730.0
2023-11-12,32.15948105,32.44704647,32.06362713,32.11155409,14937567.0
2023-11-13,32.30326462,32.30326462,32.06362616,32.15948008,11786376.0
2023-11-14,32.44704819,32.49497881,32.20740971,32.3032673,12188911.0
2023-11-15,32.25735855,32.30550313,32.01663199,32.1610694,15132749.0
2023-11-16,32.40179062,32.54622433,32.11291586,32.1610641,16043383.0
2023-11-19,32.49807739,32.54622196,32.25735089,32.35364002,9204722.0
2023-11-20,32.20920563,32.44993212,32.20920563,32.44993212,14500168.0
2023-11-21,32.20920563,32.30549476,32.0166237,32.20920563,17930019.0
2023-11-22,32.20920563,32.25735019,32.0166237,32.16106106,9985773.0
2023-11-23,32.20920563,32.25735019,32.0166237,32.16106106,9985773.0
2023-11-26,32.16106796,32.20921254,32.01663057,32.11291971,8775067.0
2023-11-27,32.01662827,32.16106565,31.96848369,32.11291741,12504081.0
2023-11-28,32.01662827,32.11291741,31.87219088,32.01662827,12473534.0
2023-11-29,32.06476974,32.11291431,31.92033605,32.06476974,7984602.0
2023-11-30,31.96848679,32.16106876,31.92034221,32.01663136,19718993.0
2023-12-03,32.11291504,32.11291504,31.92033677,32.0166259,9157522.0
2023-12-04,31.96848679,32.06477594,31.92034221,32.01663136,10703463.0
2023-12-05,31.82404327,32.01662521,31.72775414,31.96848065,13334665.0
2023-12-06,31.77589989,31.96848183,31.72775532,31.82404446,10200836.0
2023-12-07,31.82404327,31.92033608,31.63146133,31.72775414,10535748.0
2023-12-10,31.7277565,31.96848302,31.67961193,31.77590107,9726697.0
2023-12-11,31.82404327,31.87218784,31.58331677,31.77589871,13793898.0
2023-12-12,31.7277565,31.82404564,31.58331912,31.77590107,10069164.0
2023-12-13,31.58332062,31.72775801,31.48703147,31.72775801,12674333.0
2023-12-14,31.67961502,31.77590417,31.48703305,31.5833222,20313022.0
2023-12-17,31.67961502,31.82404874,31.53517762,31.67961502,11331794.0
2023-12-18,31.87219048,31.87219048,31.58331938,31.63146395,16433411.0
2023-12-19,31.82404327,32.01662521,31.72775414,31.77589871,19479366.0
2023-12-20,31.87219048,32.01662786,31.72775676,31.77590133,13324412.0
2023-12-21,31.77589989,31.87218902,31.58331794,31.77589989,11240688.0
2023-12-24,31.77589989,31.87218902,31.63146251,31.72775532,12165552.0
2023-12-25,31.87219048,31.87219048,31.63146395,31.77590133,15869070.0
2023-12-26,31.82404327,31.87218784,31.67960957,31.82404327,14598967.0
2023-12-27,31.92033577,32.0166249,31.7758984,31.87218753,14815683.0
2023-12-28,31.82404327,32.01662521,31.72775414,31.92033608,12720450.0
2023-12-31,31.77589989,31.87218902,31.67961075,31.82404446,10776909.0
2024-01-01,31.82404327,31.92033608,31.67960957,31.77589871,12123324.0
2024-01-02,31.82404327,32.01662521,31.72775414,31.82404327,23618273.0
2024-01-03,31.7277565,31.87219021,31.67961193,31.82404564,16763963.0
2024-01-04,31.82404327,31.92033608,31.67960957,31.77589871,15268369.0
2024-01-07,32.01662827,32.11291741,31.77590174,31.77590174,16715247.0
2024-01-08,32.20920563,32.40178756,31.96847913,32.0166237,24260161.0
2024-01-09,32.01662827,32.49808132,31.96848369,32.20921022,26821380.0
2024-01-10,31.67961502,32.06477529,31.67961502,32.01663072,21196971.0
2024-01-11,31.631464,31.82404596,31.58331943,31.67961225,13864987.0
2024-01-14,31.631464,31.77590139,31.58331943,31.631464,6180792.0
2024-01-15,31.19816208,31.67961517,31.19816208,31.63146693,22399590.0
2024-01-16,30.76485062,31.39073738,30.71670421,31.1981591,29225270.0
2024-01-17,30.57226944,30.90928511,30.57226944,30.90928511,25236179.0
2024-01-18,30.71670532,30.95743369,30.47597879,30.66856075,19204881.0
2024-01-21,30.81299591,31.05372244,30.71670493,30.86114048,11123947.0
2024-01-22,30.81299591,30.81299591,30.81299591,30.81299591,0.0
2024-01-23,30.47597694,30.62041249,30.28339683,30.52412335,15684453.0
2024-01-24,30.52412415,30.71670426,30.37968676,30.47597774,13884658.0
2024-01-25,30.37968636,30.66855928,30.33154179,30.52412374,16870115.0
2024-01-28,30.23525238,30.52412532,30.18710781,30.47597891,12645751.0
2024-01-29,30.0908165,30.3796876,29.99452552,30.23525205,18653657.0
2024-01-30,30.13895988,30.33154184,30.09081531,30.13895988,13729576.0
2024-01-31,29.46492767,30.18710726,29.46492767,30.13896086,20684022.0
2024-02-01,29.85008812,29.85008812,29.41677965,29.46492606,18080487.0
2024-02-04,29.80194473,29.8500893,29.70565375,29.8500893,8308324.0
2024-02-05,29.65750694,29.8500889,29.46492683,29.8500889,12869589.0
2024-02-06,30.18710899,30.18710899,29.56122035,29.65750949,17214251.0
2024-02-07,29.89823532,30.13896186,29.75379977,30.13896186,11743893.0
2024-02-08,29.89823532,30.13896186,29.75379977,30.13896186,11743893.0
2024-02-11,29.32049179,29.75379844,29.22420081,29.56121832,12831893.0
2024-02-12,29.75379944,29.85009042,29.22420179,29.32049278,12173609.0
2024-02-13,30.57226944,30.62041401,29.80194528,29.80194528,32885941.0
2024-02-14,30.76485062,30.95743257,30.42783311,30.57226866,22818423.0
2024-02-15,30.76485062,31.10186628,30.62041323,30.76485062,22239458.0
2024-02-18,30.76485062,30.90928433,30.66855964,30.71670421,8742507.0
2024-02-19,30.76485062,30.81299519,30.62041323,30.71670421,12043315.0
2024-02-20,30.47597694,30.81299444,30.37968597,30.76484987,10781599.0
2024-02-21,30.81299591,30.9574333,30.37968742,30.42783383,19596113.0
2024-02-25,30.76485062,30.90928433,30.66855964,30.81299519,3965313.0
2024-02-26,30.62041283,30.81299478,30.52412369,30.66855923,7498271.0
2024-02-27,30.76485062,30.76485062,30.47597768,30.62041323,5686447.0
2024-02-28,30.71670532,30.76485173,30.5241252,30.71670532,4593928.0
2024-02-29,30.52412415,30.71670426,30.52412415,30.71670426,6418785.0
2024-03-03,30.37968636,30.62041288,30.33154179,30.52412374,5610229.0
2024-03-04,30.04267311,30.42783521,29.94638213,30.3796888,12502459.0
2024-03-05,30.04267311,30.04267311,30.04267311,30.04267311,0.0
2024-03-06,30.52412415,30.57226872,30.23525121,30.42783317,10397647.0
2024-03-07,30.57226944,30.62041401,30.18710736,30.52412487,8148176.0
2024-03-10,31.00557709,31.43888557,30.8611397,30.90928427,16067368.0
2024-03-11,30.71670532,31.00557826,30.57226977,31.00557826,9842342.0
2024-03-12,30.8611412,30.90928578,30.71670565,30.81299663,5521581.0
2024-03-13,30.8611412,31.05372317,30.62041467,30.8611412,11826137.0
2024-03-14,30.38901711,30.87524138,30.34039542,30.82661969,21219052.0
2024-03-17,30.29177284,30.4862633,30.24315116,30.43763976,4824836.0
2024-03-18,30.2431488,30.34039402,30.14590358,30.34039402,7729020.0
2024-03-19,30.5348835,30.5348835,30.19452614,30.24314968,9657336.0
2024-03-20,30.34039497,30.58350711,30.34039497,30.53488357,9692133.0
2024-03-21,30.34039497,30.43763834,30.29177143,30.38901666,8714425.0
2024-03-24,30.34039497,30.43763834,30.19452621,30.38901666,7391076.0
2024-03-25,30.00003815,30.34039551,30.00003815,30.34039551,10517017.0
2024-03-26,30.00003815,30.19452674,29.95141461,30.04865983,11663894.0
2024-03-27,29.9514122,30.14590264,29.9514122,30.04865742,9873178.0
2024-03-28,29.90279388,30.09728434,29.90279388,30.09728434,14858014.0
2024-03-31,30.00003815,30.09728337,29.90279292,29.95141461,5753150.0
2024-04-01,29.90279388,30.19452772,29.8541722,30.00003911,8746188.0
2024-04-02,29.75692558,29.95141418,29.65968036,29.90279249,15956370.0
2024-04-03,29.61105919,29.85417133,29.46519042,29.85417133,22460020.0
2024-04-04,29.46518898,29.80554633,29.36794561,29.75692464,20947930.0
2024-04-14,29.46518898,29.46518898,29.46518898,29.46518898,0.0
2024-04-15,29.46518898,29.95141323,29.46518898,29.80554633,16717457.0
2024-04-16,29.07621002,29.61105781,28.9789648,29.56243428,24539116.0
2024-04-17,29.12483406,29.31932265,29.07621052,29.22207743,16440263.0
2024-04-18,29.07621002,29.22207693,29.02758834,29.17345524,7985988.0
2024-04-21,29.22207832,29.36794709,29.07621141,29.17345664,8988623.0
2024-04-22,29.31932259,29.46518949,29.17345568,29.2707009,12033500.0
2024-04-23,29.27070045,29.46518904,29.17345523,29.36794568,6951340.0
2024-04-24,29.27070045,29.36794568,29.17345523,29.27070045,9461809.0
2024-04-25,29.27070045,29.36794568,29.17345523,29.22207692,9004561.0
2024-04-28,29.27070045,29.27070045,29.27070045,29.27070045,0.0
2024-04-29,29.27070045,29.41656736,29.22207692,29.31932214,14024922.0
2024-04-30,29.27070045,29.31932214,29.17345523,29.27070045,9002900.0
2024-05-01,29.22207832,29.27070186,29.12483495,29.27070186,9443813.0
2024-05-02,29.12483406,29.27070097,29.07621052,29.22207743,9544445.0
2024-05-05,29.17345428,29.22207597,29.07620907,29.17345428,4981602.0
2024-05-06,29.12483406,29.17345574,29.07621052,29.17345574,6314792.0
2024-05-07,29.12483406,29.41656788,29.02758884,29.17345574,22174344.0
2024-05-08,29.12483406,29.22207743,29.07621052,29.17345574,12565895.0
2024-05-09,29.02758789,29.17345479,29.02758789,29.12483311,9827019.0
2024-05-12,29.12483406,29.17345574,29.07621052,29.17345574,3742149.0
2024-05-13,29.12483406,29.22207743,29.12483406,29.17345574,10656503.0
2024-05-14,28.97896385,29.22207597,28.97896385,29.17345429,14990072.0
2024-05-15,28.79665184,29.04235707,28.69837125,29.04235707,8871583.0
2024-05-16,29.23892403,29.28806433,28.79665384,28.89493631,12022949.0
2024-05-19,29.23892403,29.23892403,29.23892403,29.23892403,0.0
2024-05-20,29.38634491,29.48462738,29.23892215,29.33720461,11365375.0
2024-05-21,29.43548775,29.43548775,29.33720528,29.38634558,7672447.0
2024-05-22,29.53376961,29.53376961,29.38634684,29.43548901,13327969.0
2024-05-23,29.43548775,29.53376834,29.43548775,29.48462804,10312525.0
2024-05-26,28.94407845,29.43548893,28.7475135,29.43548893,10048718.0
2024-05-27,28.99321938,29.18978432,28.94407908,28.99321938,6216785.0
2024-05-28,28.74751282,29.09150053,28.74751282,29.04235835,6318494.0
2024-05-29,28.5509491,28.89493682,28.5509491,28.79665434,6575159.0
2024-05-30,28.5509491,28.5509491,28.5509491,28.5509491,0.0
2024-06-02,28.5509491,28.5509491,28.5509491,28.5509491,0.0
2024-06-03,28.40352631,28.50180878,28.01039828,28.10868076,15880634.0
2024-06-04,27.71555328,28.45266904,27.71555328,28.40352687,13966119.0
2024-06-05,27.71555328,27.91211636,27.61727081,27.91211636,17379225.0
2024-06-06,27.81383324,28.15782096,27.76469294,27.81383324,12813303.0
2024-06-09,28.10867882,28.55094711,27.42070342,27.46984559,656283074.0
2024-06-10,27.86297417,28.30524247,27.81383199,28.25610217,77118526.0
2024-06-11,27.71555328,28.01039884,27.71555328,27.91211636,112909661.0
2024-06-12,27.81383324,27.86297541,27.71555264,27.81383324,116323177.0
2024-06-13,27.22414207,27.76469287,27.22414207,27.76469287,42390044.0
2024-06-23,27.61726761,27.71555007,27.51898514,27.61726761,11073861.0
2024-06-24,27.51898575,27.61726822,27.37156299,27.56812604,18950131.0
2024-06-25,27.17499733,27.51898502,27.17499733,27.46984472,18849482.0
2024-06-26,27.22414207,27.32242267,27.1258596,27.22414207,13093431.0
2024-06-27,27.22414207,27.42070515,27.22414207,27.22414207,16542271.0
2024-06-30,27.22414207,27.22414207,27.22414207,27.22414207,0.0
2024-07-01,27.51898575,27.81383127,27.46984545,27.51898575,27611872.0
2024-07-02,27.56812859,27.81383384,27.51898829,27.66641106,20459402.0
2024-07-03,27.37156296,27.66640848,27.37156296,27.66640848,12319500.0
2024-07-04,27.71555328,27.71555328,27.42070586,27.46984803,13351001.0
2024-07-07,27.66641045,27.81383322,27.61727015,27.76469292,7220793.0
2024-07-08,27.7646904,27.7646904,27.61726764,27.66640793,11709463.0
2024-07-09,27.66641045,27.76469292,27.56812797,27.71555262,11185511.0
2024-07-10,27.61726761,27.6664079,27.51898514,27.6664079,18194817.0
2024-07-11,27.66641045,27.71555262,27.56812797,27.61727015,14399366.0
2024-07-14,27.61726761,27.76469037,27.61726761,27.6664079,11825264.0
2024-07-15,27.61726761,27.71555007,27.56812544,27.6664079,13355106.0
2024-07-16,27.7646904,27.7646904,27.61726764,27.66640793,19813530.0
2024-07-17,27.86297417,28.25610217,27.7646917,27.7646917,19264538.0
2024-07-18,27.96125603,28.10867879,27.86297356,27.96125603,14552209.0
2024-07-21,28.01039696,28.10867943,27.86297419,27.91211449,7924443.0
2024-07-22,27.9121151,28.05953787,27.8629748,28.01039757,9813803.0
2024-07-23,27.61726761,27.9612553,27.61726761,27.91211313,15305405.0
2024-07-24,27.51898575,27.66640851,27.51898575,27.61726822,9145155.0
2024-07-25,27.51898575,27.61726822,27.51898575,27.56812604,22235750.0
2024-07-28,27.71555328,27.76469358,27.56812863,27.56812863,5016173.0
2024-07-29,27.42070389,27.76469159,27.42070389,27.76469159,17789061.0
2024-07-30,27.17499733,27.51898502,27.12585703,27.46984472,14937713.0
2024-07-31,27.12586021,27.27328299,27.07671804,27.22414269,14093700.0
2024-08-01,27.02757645,27.27328169,26.97843615,27.17499922,17299251.0
2024-08-04,26.68358803,26.88015296,26.43788279,26.83101079,17797392.0
2024-08-05,26.33959961,26.6835873,26.33959961,26.6835873,35547837.0
2024-08-06,26.73273087,27.0275764,26.58530622,26.63444839,25157030.0
2024-08-07,27.2732811,27.2732811,26.8801531,26.97843557,18086752.0
2024-08-08,27.2732811,27.51898633,27.2241408,27.37156357,17357744.0
2024-08-11,27.46984673,27.51898702,27.37156425,27.51898702,12398587.0
2024-08-12,27.46984673,27.56812732,27.37156425,27.51898702,20835997.0
2024-08-13,27.71555328,27.71555328,27.46984803,27.51898833,14572319.0
2024-08-14,27.66641045,27.86297539,27.66641045,27.71555262,14448655.0
2024-08-15,27.71555328,27.76469358,27.66641111,27.71555328,12476935.0
2024-08-18,27.81383324,27.86297541,27.71555264,27.71555264,9824102.0
2024-08-19,27.86297417,27.86297417,27.7155514,27.81383199,13651532.0
2024-08-20,27.71555328,27.86297606,27.61727081,27.86297606,14134031.0
2024-08-21,27.5808773,27.77965916,27.53118279,27.77965916,19372387.0
2024-08-22,27.48148537,27.63057081,27.43179085,27.58087629,13558913.0
2024-08-25,27.68026733,27.68026733,27.53118189,27.58087641,8706710.0
2024-08-26,27.77965927,27.82935379,27.63057193,27.68026834,14857870.0
2024-08-27,27.68026733,27.87904729,27.68026733,27.77965826,18005073.0
2024-08-28,27.5808773,27.68026823,27.48148638,27.63057182,15561397.0
2024-08-29,27.77965927,27.77965927,27.5311829,27.58087741,74726722.0
2024-09-01,27.68026733,27.82935277,27.63057092,27.82935277,7897357.0
2024-09-02,27.7299633,27.87904875,27.58087786,27.7299633,28864585.0
2024-09-03,27.7299633,27.82935423,27.63057237,27.77965972,10065207.0
2024-09-04,27.48148537,27.63057081,27.48148537,27.63057081,12833496.0
2024-09-05,27.38209534,27.58087719,27.38209534,27.53118268,11180896.0
2024-09-08,27.13361931,27.38209568,27.13361931,27.33240117,11390315.0
2024-09-09,27.08392334,27.23300878,27.08392334,27.18331426,9740656.0
2024-09-10,27.03423119,27.18331664,27.03423119,27.13362022,10842342.0
2024-09-11,26.83544731,27.08392368,26.83544731,27.03422916,15127401.0
2024-09-12,26.93483925,27.08392469,26.88514284,26.98453377,9048831.0
2024-09-15,27.03423119,27.13362022,26.98453477,27.03423119,7807891.0
2024-09-16,27.08392334,27.13361785,26.98453242,27.08392334,8882105.0
2024-09-17,27.03423119,27.13362022,26.98453477,27.0839257,9236632.0
2024-09-18,26.93483925,27.08392469,26.93483925,27.03423018,7676936.0
2024-09-19,27.23300934,27.23300934,26.98453297,27.03422938,14363877.0
2024-09-22,27.28270721,27.38209625,27.13361987,27.2330108,5693077.0
2024-09-24,27.38209534,27.43179175,27.28270631,27.33240082,8761561.0
2024-09-25,27.5808773,27.5808773,27.33240093,27.43179186,10780703.0
2024-09-26,27.43179321,27.58087866,27.3820968,27.58087866,8365226.0
2024-09-29,27.08392334,27.43179062,27.03422883,27.43179062,11539293.0
2024-09-30,26.93483925,27.13361921,26.93483925,27.13361921,16156912.0
2024-10-01,27.03423119,27.03423119,26.93484025,26.93484025,10098086.0
2024-10-02,27.03423119,27.03423119,27.03423119,27.03423119,0.0
2024-10-03,26.88514328,27.03423062,26.83544876,27.03423062,16742996.0
2024-10-06,26.83544731,27.03422916,26.73605639,26.98453275,18425894.0
2024-10-07,26.78575325,26.93483869,26.73605684,26.83544777,23967789.0
2024-10-08,26.88514328,26.88514328,26.73605783,26.83544876,10505170.0
2024-10-09,26.78575325,26.88514228,26.78575325,26.83544777,11460938.0
2024-10-10,26.88514328,26.93483969,26.78575425,26.83544876,10151521.0
2024-10-13,27.03423119,27.0839257,26.88514384,26.88514384,6610299.0
2024-10-14,27.03423119,27.0839257,26.93484025,27.03423119,10521596.0
2024-10-15,26.98453331,27.03422972,26.83544787,27.03422972,16370270.0
2024-10-16,26.93483925,27.03423018,26.83544832,26.88514284,18008306.0
2024-10-17,26.83544731,26.98453275,26.83544731,26.98453275,10051908.0
2024-10-20,26.88514328,26.93483969,26.83544876,26.88514328,4179441.0
2024-10-21,26.93483925,26.98453377,26.83544832,26.88514284,9184998.0
2024-10-22,26.83544731,26.93483824,26.83544731,26.93483824,7100886.0
2024-10-23,26.78575325,26.88514228,26.78575325,26.83544777,8935819.0
2024-10-24,26.88514328,26.88514328,26.78575425,26.78575425,6429624.0
2024-10-27,26.88514328,26.98453421,26.88514328,26.88514328,5330461.0
2024-10-28,26.83544731,26.93483824,26.83544731,26.88514183,7441263.0
2024-10-29,26.83544731,26.88514183,26.7857528,26.83544731,7824235.0
2024-10-30,26.88514328,26.88514328,26.78575425,26.83544876,7589139.0
2024-10-31,26.83544731,26.88514183,26.7857528,26.88514183,9312084.0
2024-11-03,26.93483925,26.98453377,26.83544832,26.83544832,7098588.0
2024-11-04,27.33240128,27.38209579,26.93483945,26.98453397,23073759.0
2024-11-05,27.38209534,27.38209534,27.13361897,27.28270631,20287674.0
2024-11-06,27.38209534,27.38209534,27.18331538,27.38209534,16718090.0
2024-11-07,27.82935333,27.92874426,27.48148604,27.48148604,38332150.0
2024-11-10,27.8790493,28.02813665,27.77966026,27.8790493,18968085.0
2024-11-11,27.8790493,27.97844023,27.72996385,27.8790493,21552417.0
2024-11-12,27.8790493,27.8790493,27.68026933,27.8790493,17268952.0
2024-11-13,27.7299633,27.87904875,27.7299633,27.82935423,26043736.0
2024-11-14,27.82935333,27.87904785,27.72996241,27.77965882,19926226.0
2024-11-17,27.99633217,27.99633217,27.99633217,27.99633217,0.0
2024-11-18,27.7963562,27.94633807,27.59638355,27.64637624,23054625.0
2024-11-19,27.94633865,28.09631862,27.84635137,27.84635137,22202681.0
2024-11-20,27.99633217,27.99633217,27.8463522,27.94633948,13226712.0
2024-11-21,27.94633865,28.04632403,27.89634406,27.94633865,18374731.0
2024-11-24,28.04632378,28.14631105,27.99633109,28.04632378,15936388.0
2024-11-25,27.99633217,28.09631945,27.99633217,28.04632486,162803724.0
2024-11-26,27.49639702,27.99633151,27.49639702,27.99633151,16122065.0
2024-11-27,27.44640541,27.79635804,27.34641813,27.4963981,19599097.0
2024-11-28,27.44640541,27.59638538,27.29642353,27.4963981,15865004.0
2024-12-01,27.44640541,27.59638538,27.29642353,27.4963981,15865004.0
2024-12-02,27.59638405,27.59638405,27.34641681,27.59638405,14424053.0
2024-12-03,27.69637108,27.74636376,27.49639652,27.5963838,14913837.0
2024-12-04,27.89634514,27.89634514,27.5963852,27.69637248,12504950.0
2024-12-05,27.94633865,27.94633865,27.7463641,27.89634406,14619435.0
2024-12-08,27.94633865,27.99633134,27.89634406,27.94633865,8680731.0
2024-12-09,28.29629135,28.29629135,27.89634414,27.99633142,21826396.0
2024-12-10,28.64624596,28.74623324,28.29629143,28.29629143,25182331.0
2024-12-11,28.54625893,28.74623349,28.49626624,28.6962408,14316064.0
2024-12-12,28.4462738,28.59625377,28.39627921,28.54625918,8618228.0
2024-12-15,28.4462738,28.54625918,28.39627921,28.4462738,4594622.0
2024-12-16,28.49626541,28.49626541,28.29629086,28.44627273,10630628.0
2024-12-17,28.14631081,28.54625801,28.14631081,28.49626532,11132388.0
2024-12-18,28.4462738,28.4462738,28.09631927,28.19630655,10508585.0
2024-12-19,28.99620056,28.99620056,28.19630614,28.3462861,101328774.0
2024-12-22,28.4462738,28.79622643,28.4462738,28.79622643,14012097.0
2024-12-23,28.49626541,28.64624537,28.44627273,28.49626541,5281904.0
2024-12-24,28.24629974,28.54625969,28.24629974,28.496267,5262134.0
2024-12-25,28.0963192,28.29629185,28.0963192,28.24629917,3460432.0
2024-12-26,27.99633217,28.14631214,27.99633217,28.09631945,3841631.0
2024-12-29,27.84635162,28.09631887,27.79635703,27.99633159,16343880.0
2024-12-30,27.89634514,27.99633242,27.79635786,27.84635245,14128315.0
2024-12-31,28.04632378,28.14631105,27.94633841,27.99633109,8325694.0
2025-01-01,28.04632378,28.09631837,27.99633109,28.04632378,3345060.0
2025-01-02,28.04632378,28.09631837,27.99633109,28.04632378,4491119.0
2025-01-05,28.04632378,28.09631837,27.99633109,28.04632378,3904538.0
2025-01-06,27.94633865,28.09631862,27.94633865,28.04632403,13064249.0
2025-01-07,27.7963562,28.04632344,27.7963562,27.99633076,9854952.0
2025-01-08,27.99633217,28.09631945,27.7963576,27.7963576,11963308.0
2025-01-09,27.99633217,27.99633217,27.99633217,27.99633217,0.0
2025-01-12,27.99633217,28.09631945,27.94633948,27.99633217,6193127.0
2025-01-13,28.04632378,28.34628561,28.04632378,28.09631837,11237325.0
2025-01-14,28.0963192,28.14631189,27.99633192,28.0463246,4921809.0
2025-01-15,28.0963192,28.0963192,27.99633192,28.0963192,6908259.0
2025-01-16,28.24629974,28.24629974,28.09631977,28.09631977,9292858.0
2025-01-19,28.14631081,28.24629808,28.14631081,28.24629808,5063771.0
2025-01-20,28.14631081,28.24629808,28.14631081,28.14631081,5178085.0
2025-01-21,27.99633217,28.19630673,27.99633217,28.19630673,6795442.0
2025-01-22,27.99633217,28.14631214,27.99633217,27.99633217,6498035.0
2025-01-23,28.0963192,28.0963192,27.99633192,27.99633192,6371400.0
2025-01-26,28.04632378,28.09631837,27.99633109,28.09631837,3785442.0
2025-01-27,27.94633865,28.09631862,27.89634406,28.04632403,9324644.0
2025-01-28,27.94633865,27.94633865,27.94633865,27.94633865,0.0
2025-01-29,27.74636459,27.94633916,27.64637731,27.89634456,17676359.0
2025-01-30,27.7963562,27.7963562,27.64637624,27.7963562,6598029.0
2025-02-02,27.74636459,27.79635728,27.69637191,27.79635728,3873083.0
2025-02-03,27.69637108,27.74636376,27.5963838,27.74636376,8174492.0
2025-02-04,27.69637108,27.69637108,27.54638921,27.69637108,12378858.0
2025-02-05,27.69637108,27.69637108,27.5963838,27.69637108,5564384.0
2025-02-06,27.64637756,27.74636485,27.59638488,27.69637216,7933082.0
2025-02-09,27.64637756,27.69637216,27.59638488,27.64637756,4372437.0
2025-02-10,27.74636459,27.74636459,27.59638463,27.64637731,6805334.0
2025-02-11,27.74636459,27.74636459,27.64637731,27.74636459,5996171.0
2025-02-12,27.7963562,27.7963562,27.69637083,27.69637083,8007218.0
2025-02-13,27.7963562,27.7963562,27.69637083,27.74636352,5080887.0
2025-02-16,27.7963562,27.84635079,27.74636352,27.7963562,4747700.0
2025-02-17,27.64637756,27.79635753,27.64637756,27.74636485,9085215.0
2025-02-18,27.59638405,27.74636401,27.59638405,27.64637673,7165570.0
2025-02-19,27.59638405,27.59638405,27.59638405,27.59638405,0.0
2025-02-20,27.69637108,27.74636376,27.5963838,27.69637108,9186397.0
2025-02-24,27.19643784,27.64637775,27.19643784,27.64637775,19774504.0
2025-02-25,27.39640999,27.49639727,27.04645546,27.24643002,12067644.0
2025-02-26,27.19643784,27.44640509,27.14644324,27.39641049,9284788.0
2025-02-27,27.09645081,27.29642347,27.04645621,27.19643809,18064577.0
2025-03-02,27.19643784,27.39641049,27.09645055,27.09645055,5681281.0
2025-03-03,27.49639702,27.5463897,27.19643709,27.24642977,7624614.0
2025-03-04,26.89647484,27.24642936,26.84648215,27.24642936,22388785.0
2025-03-05,26.54652023,26.94646934,26.54652023,26.89647475,12279535.0
2025-03-06,26.24656105,26.64650827,26.14657377,26.59651558,15079715.0
2025-03-09,26.64650726,26.64650726,26.24656006,26.24656006,5722859.0
2025-03-10,26.29655457,26.64650911,26.29655457,26.64650911,10724622.0
2025-03-11,26.29655457,26.39654185,26.04658731,26.29655457,23884764.0
2025-03-12,26.19656754,26.39654018,26.09658026,26.3465475,13639741.0
2025-03-13,25.94660187,26.24656181,25.89660727,26.19656912,20760155.0
2025-03-16,26.04658699,26.14657427,25.89660702,25.9965943,12265826.0
2025-03-17,25.94660187,26.14657453,25.89660727,26.09658184,18605545.0
2025-03-18,25.60000038,25.85000038,25.5,25.85000038,16828095.0
2025-03-19,25.04999924,25.64999962,25.0,25.60000038,21990551.0
2025-03-20,25.04999924,25.04999924,25.04999924,25.04999924,0.0
2025-03-23,25.79999924,25.85000038,25.70000076,25.85000038,6294793.0
2025-03-24,25.95000076,25.95000076,25.64999962,25.85000038,7542379.0
2025-03-25,26.10000038,26.39999962,26.0,26.0,11673443.0
2025-03-26,26.64999962,26.64999962,26.20000076,26.20000076,12436997.0
2025-03-27,26.75,26.75,26.60000038,26.70000076,9760871.0
2025-04-03,26.29999924,26.64999962,26.25,26.60000038,11236458.0
2025-04-06,24.92000008,25.20000076,24.65999985,25.0,24031202.0
2025-04-07,25.25,25.35000038,24.60000038,24.87999916,24643110.0
2025-04-08,25.39999962,26.10000038,25.25,25.54999924,18445104.0
2025-04-09,25.35000038,25.5,25.14999962,25.45000076,12689577.0
2025-04-10,25.35000038,25.35000038,25.35000038,25.35000038,0.0
2025-04-13,25.89999962,26.0,25.85000038,26.0,6243752.0
2025-04-14,25.95000076,26.0,25.79999924,26.0,7304998.0
2025-04-15,25.79999924,26.0,25.79999924,25.95000076,11189103.0
2025-04-16,25.64999962,25.85000038,25.60000038,25.79999924,10793610.0
2025-04-17,25.64999962,25.64999962,25.64999962,25.64999962,0.0
2025-04-20,25.70000076,25.75,25.5,25.5,9317394.0
2025-04-21,25.45000076,25.64999962,25.39999962,25.64999962,5660312.0
2025-04-22,25.60000038,25.60000038,25.25,25.45000076,13294904.0
2025-04-23,25.75,25.85000038,25.60000038,25.60000038,12501628.0
2025-04-24,25.799999237060547,,,,
